0;-0.037887;-0.29487;-0.082766;-0.0811565;-0.231178;0.155741;
1;-0.037887;-0.29487;-0.082766;-0.0811565;-0.231178;0.155741;
2;-0.0396168;-0.29597;-0.0811422;-0.080059;-0.230166;0.157288;
3;-0.0396168;-0.29597;-0.0811422;-0.080059;-0.230166;0.157288;
4;-0.0361326;-0.296496;-0.0808866;-0.0785845;-0.228698;0.156634;
5;-0.0361326;-0.296496;-0.0808866;-0.0785845;-0.228698;0.156634;
6;-0.0342178;-0.298913;-0.0804063;-0.0781255;-0.227947;0.155921;
7;-0.0342178;-0.298913;-0.0804063;-0.0781255;-0.227947;0.155921;
8;-0.0351167;-0.299299;-0.0812215;-0.0788769;-0.226;0.15442;
9;-0.0351167;-0.299299;-0.0812215;-0.0788769;-0.226;0.15442;
10;-0.0341611;-0.298866;-0.0807723;-0.0820533;-0.223976;0.153562;
11;-0.0341611;-0.298866;-0.0807723;-0.0820533;-0.223976;0.153562;
12;-0.036281;-0.300972;-0.0802532;-0.0817359;-0.22437;0.154013;
13;-0.036281;-0.300972;-0.0802532;-0.0817359;-0.22437;0.154013;
14;-0.0351162;-0.300849;-0.0789421;-0.0808793;-0.224629;0.155389;
15;-0.038397;-0.301971;-0.0778213;-0.0809105;-0.224733;0.156788;
16;-0.038397;-0.301971;-0.0778213;-0.0809105;-0.224733;0.156788;
17;-0.038397;-0.301971;-0.0778213;-0.0809105;-0.224733;0.156788;
18;-0.0394666;-0.302662;-0.0767345;-0.0822437;-0.224237;0.157433;
19;-0.0356723;-0.303373;-0.0753276;-0.0817288;-0.224343;0.158013;
20;-0.0356723;-0.303373;-0.0753276;-0.0817288;-0.224343;0.158013;
21;-0.0331275;-0.304879;-0.0746869;-0.0811597;-0.225364;0.15809;
22;-0.0331275;-0.304879;-0.0746869;-0.0811597;-0.225364;0.15809;
23;-0.0331275;-0.304879;-0.0746869;-0.0811597;-0.225364;0.15809;
24;-0.0252357;-0.305972;-0.0723853;-0.0829718;-0.225971;0.158008;
25;-0.00918744;-0.307794;-0.0675952;-0.0807883;-0.2265;0.158412;
26;-0.00918744;-0.307794;-0.0675952;-0.0807883;-0.2265;0.158412;
27;-0.00314186;-0.312049;-0.0636798;-0.0810068;-0.22728;0.158955;
28;-0.00314186;-0.312049;-0.0636798;-0.0810068;-0.22728;0.158955;
29;0.0119594;-0.31083;-0.0587234;-0.0812032;-0.227813;0.158633;
30;0.0287719;-0.307678;-0.0526032;-0.0803015;-0.228298;0.158624;
31;0.0287719;-0.307678;-0.0526032;-0.0803015;-0.228298;0.158624;
32;0.0438954;-0.306786;-0.0466187;-0.0781327;-0.229722;0.158284;
33;0.0438954;-0.306786;-0.0466187;-0.0781327;-0.229722;0.158284;
34;0.0593365;-0.30443;-0.0388827;-0.0771026;-0.230088;0.15777;
35;0.0593365;-0.30443;-0.0388827;-0.0771026;-0.230088;0.15777;
36;0.0932187;-0.295425;-0.01292;-0.078649;-0.233379;0.158622;
37;0.0932187;-0.295425;-0.01292;-0.078649;-0.233379;0.158622;
38;0.116053;-0.290291;-0.00432797;-0.068749;-0.249504;0.159987;
39;0.116053;-0.290291;-0.00432797;-0.068749;-0.249504;0.159987;
40;0.136232;-0.28083;0.00952765;-0.0605616;-0.254962;0.162557;
41;0.136232;-0.28083;0.00952765;-0.0605616;-0.254962;0.162557;
42;0.148283;-0.272157;0.0257619;-0.0585269;-0.254949;0.166291;
43;0.165092;-0.264024;0.0409596;-0.0481162;-0.250513;0.17201;
44;0.165092;-0.264024;0.0409596;-0.0481162;-0.250513;0.17201;
45;0.219884;-0.244305;0.0635404;-0.0032721;-0.264628;0.175804;
46;0.219884;-0.244305;0.0635404;-0.0032721;-0.264628;0.175804;
47;0.247729;-0.22719;0.0747312;0.0218067;-0.269383;0.174699;
48;0.247729;-0.22719;0.0747312;0.0218067;-0.269383;0.174699;
49;0.267895;-0.218631;0.0834333;0.0394019;-0.275924;0.169008;
50;0.267895;-0.218631;0.0834333;0.0394019;-0.275924;0.169008;
51;0.284006;-0.204919;0.0996955;0.0588672;-0.284963;0.175327;
52;0.284006;-0.204919;0.0996955;0.0588672;-0.284963;0.175327;
53;0.28687;-0.198355;0.115597;0.0645074;-0.288698;0.187761;
54;0.28687;-0.198355;0.115597;0.0645074;-0.288698;0.187761;
55;0.287798;-0.182346;0.142493;0.0648573;-0.281364;0.200006;
56;0.287798;-0.182346;0.142493;0.0648573;-0.281364;0.200006;
57;0.285626;-0.178128;0.155043;0.0634473;-0.277177;0.21538;
58;0.305976;-0.165389;0.162638;0.0876014;-0.270153;0.227071;
59;0.305976;-0.165389;0.162638;0.0876014;-0.270153;0.227071;
60;0.298957;-0.161826;0.171168;0.079426;-0.26955;0.226088;
61;0.298957;-0.161826;0.171168;0.079426;-0.26955;0.226088;
62;0.302173;-0.159037;0.174499;0.081994;-0.268618;0.22275;
63;0.302173;-0.159037;0.174499;0.081994;-0.268618;0.22275;
64;0.319574;-0.148549;0.180709;0.103533;-0.268664;0.222106;
65;0.319574;-0.148549;0.180709;0.103533;-0.268664;0.222106;
66;0.326025;-0.135922;0.186558;0.115532;-0.264119;0.232085;
67;0.326025;-0.135922;0.186558;0.115532;-0.264119;0.232085;
68;0.328511;-0.133694;0.194332;0.118073;-0.26193;0.240007;
69;0.328511;-0.133694;0.194332;0.118073;-0.26193;0.240007;
70;0.327765;-0.126855;0.199539;0.120024;-0.257981;0.249181;
71;0.327765;-0.126855;0.199539;0.120024;-0.257981;0.249181;
72;0.324611;-0.124383;0.203949;0.117272;-0.255399;0.255526;
73;0.324611;-0.124383;0.203949;0.117272;-0.255399;0.255526;
74;0.324832;-0.116757;0.208926;0.118474;-0.249561;0.259859;
75;0.369443;-0.0895638;0.200956;0.178144;-0.239438;0.262251;
76;0.369443;-0.0895638;0.200956;0.178144;-0.239438;0.262251;
77;0.358535;-0.102315;0.202034;0.157679;-0.239624;0.262182;
78;0.358535;-0.102315;0.202034;0.157679;-0.239624;0.262182;
79;0.358535;-0.102315;0.202034;0.157679;-0.239624;0.262182;
80;0.350977;-0.109156;0.204939;0.144293;-0.237901;0.264281;
81;0.353735;-0.101071;0.206981;0.145761;-0.227038;0.267757;
82;0.353735;-0.101071;0.206981;0.145761;-0.227038;0.267757;
83;0.349312;-0.111757;0.204748;0.134734;-0.225245;0.26713;
84;0.349312;-0.111757;0.204748;0.134734;-0.225245;0.26713;
85;0.349312;-0.111757;0.204748;0.134734;-0.225245;0.26713;
86;0.388006;-0.0862357;0.193095;0.17413;-0.204855;0.24788;
87;0.388006;-0.0862357;0.193095;0.17413;-0.204855;0.24788;
88;0.39483;-0.0785983;0.192369;0.182239;-0.198888;0.248496;
89;0.39483;-0.0785983;0.192369;0.182239;-0.198888;0.248496;
90;0.39483;-0.0785983;0.192369;0.182239;-0.198888;0.248496;
91;0.383488;-0.086213;0.195284;0.170547;-0.204244;0.254777;
92;0.383136;-0.0865142;0.195091;0.169048;-0.203955;0.251559;
93;0.383136;-0.0865142;0.195091;0.169048;-0.203955;0.251559;
94;0.383792;-0.0881325;0.194577;0.168237;-0.204158;0.248324;
95;0.383792;-0.0881325;0.194577;0.168237;-0.204158;0.248324;
96;0.383792;-0.0881325;0.194577;0.168237;-0.204158;0.248324;
97;0.38576;-0.0873198;0.193547;0.170132;-0.203678;0.246273;
98;0.381779;-0.0907693;0.197568;0.173529;-0.218973;0.252435;
99;0.381779;-0.0907693;0.197568;0.173529;-0.218973;0.252435;
0;-0.0355662;-0.315741;-0.0728472;-0.0784956;-0.236164;0.160904;
1;-0.0371477;-0.315409;-0.0731082;-0.0804802;-0.235986;0.16062;
2;-0.0371477;-0.315409;-0.0731082;-0.0804802;-0.235986;0.16062;
3;-0.0345239;-0.314278;-0.0729464;-0.0811814;-0.235443;0.160341;
4;-0.0352834;-0.31607;-0.0730294;-0.0810357;-0.234978;0.159663;
5;-0.0352834;-0.31607;-0.0730294;-0.0810357;-0.234978;0.159663;
6;-0.0301061;-0.316772;-0.0716949;-0.0800071;-0.233442;0.159348;
7;-0.0301061;-0.316772;-0.0716949;-0.0800071;-0.233442;0.159348;
8;-0.0304974;-0.316144;-0.0718584;-0.0798052;-0.232006;0.159019;
9;-0.0283195;-0.315887;-0.0716492;-0.0796837;-0.231659;0.158747;
10;-0.0283195;-0.315887;-0.0716492;-0.0796837;-0.231659;0.158747;
11;-0.0283195;-0.315887;-0.0716492;-0.0796837;-0.231659;0.158747;
12;-0.0206302;-0.314831;-0.0687987;-0.0792813;-0.230239;0.159716;
13;-0.0206302;-0.314831;-0.0687987;-0.0792813;-0.230239;0.159716;
14;-0.0143997;-0.316633;-0.065083;-0.0799801;-0.229528;0.160586;
15;-0.00817817;-0.316279;-0.0621642;-0.0805726;-0.228514;0.161154;
16;-0.00817817;-0.316279;-0.0621642;-0.0805726;-0.228514;0.161154;
17;-0.00633845;-0.316261;-0.0602228;-0.0818109;-0.228301;0.161997;
18;-0.00633845;-0.316261;-0.0602228;-0.0818109;-0.228301;0.161997;
19;-0.000337962;-0.317838;-0.0567474;-0.082942;-0.228676;0.162436;
20;-0.000337962;-0.317838;-0.0567474;-0.082942;-0.228676;0.162436;
21;0.00909333;-0.316707;-0.0540959;-0.0824378;-0.228722;0.161995;
22;0.0264254;-0.316174;-0.045715;-0.0832119;-0.228863;0.162062;
23;0.0361371;-0.316727;-0.0407085;-0.0831574;-0.229586;0.161751;
24;0.0361371;-0.316727;-0.0407085;-0.0831574;-0.229586;0.161751;
25;0.0361371;-0.316727;-0.0407085;-0.0831574;-0.229586;0.161751;
26;0.0542387;-0.317645;-0.0306758;-0.079567;-0.23463;0.164309;
27;0.0542387;-0.317645;-0.0306758;-0.079567;-0.23463;0.164309;
28;0.0641724;-0.317504;-0.0249973;-0.077407;-0.236097;0.165116;
29;0.0641724;-0.317504;-0.0249973;-0.077407;-0.236097;0.165116;
30;0.0817992;-0.316684;-0.013132;-0.0732259;-0.239055;0.167854;
31;0.0944569;-0.315601;-0.00604202;-0.0669629;-0.240382;0.170311;
32;0.0944569;-0.315601;-0.00604202;-0.0669629;-0.240382;0.170311;
33;0.105394;-0.312923;0.0028896;-0.0638268;-0.240254;0.172884;
34;0.105394;-0.312923;0.0028896;-0.0638268;-0.240254;0.172884;
35;0.115472;-0.311428;0.0128699;-0.0635579;-0.241458;0.173703;
36;0.131387;-0.311434;0.0172862;-0.0516808;-0.250659;0.177309;
37;0.131387;-0.311434;0.0172862;-0.0516808;-0.250659;0.177309;
38;0.162349;-0.305674;0.0356596;-0.0335379;-0.256995;0.18423;
39;0.171932;-0.30573;0.0447089;-0.0289262;-0.260093;0.187495;
40;0.171932;-0.30573;0.0447089;-0.0289262;-0.260093;0.187495;
41;0.188938;-0.30257;0.0522498;-0.0169585;-0.263948;0.189836;
42;0.208676;-0.301209;0.0574536;-0.000985826;-0.271961;0.191622;
43;0.208676;-0.301209;0.0574536;-0.000985826;-0.271961;0.191622;
44;0.223402;-0.29491;0.0685022;0.0059381;-0.273284;0.191207;
45;0.249642;-0.275737;0.0953839;0.0182532;-0.273614;0.191662;
46;0.249642;-0.275737;0.0953839;0.0182532;-0.273614;0.191662;
47;0.260668;-0.266861;0.108164;0.0248713;-0.274711;0.19274;
48;0.260668;-0.266861;0.108164;0.0248713;-0.274711;0.19274;
49;0.258004;-0.326193;0.0986124;0.0334587;-0.276591;0.19828;
50;0.281744;-0.254046;0.13272;0.0432889;-0.278099;0.206036;
51;0.281744;-0.254046;0.13272;0.0432889;-0.278099;0.206036;
52;0.288504;-0.255224;0.142414;0.0492336;-0.27997;0.212785;
53;0.294531;-0.248352;0.172752;0.0497797;-0.28111;0.21563;
54;0.294531;-0.248352;0.172752;0.0497797;-0.28111;0.21563;
55;0.303708;-0.24195;0.192511;0.0572727;-0.278611;0.219717;
56;0.29589;-0.248567;0.173493;0.0519183;-0.280105;0.221431;
57;0.29589;-0.248567;0.173493;0.0519183;-0.280105;0.221431;
58;0.303152;-0.240706;0.216591;0.0552404;-0.277343;0.220117;
59;0.303152;-0.240706;0.216591;0.0552404;-0.277343;0.220117;
60;0.299214;-0.238592;0.185511;0.0539625;-0.276607;0.220461;
61;0.303189;-0.238997;0.23716;0.0554478;-0.273309;0.220975;
62;0.303189;-0.238997;0.23716;0.0554478;-0.273309;0.220975;
63;0.316014;-0.230968;0.198222;0.0728706;-0.280568;0.233378;
64;0.303497;-0.235588;0.200276;0.0601032;-0.282694;0.237089;
65;0.303497;-0.235588;0.200276;0.0601032;-0.282694;0.237089;
66;0.307711;-0.207119;0.250973;0.0664573;-0.274949;0.247749;
67;0.307711;-0.207119;0.250973;0.0664573;-0.274949;0.247749;
68;0.313576;-0.207112;0.209239;0.0755203;-0.27145;0.254014;
69;0.315058;-0.209349;0.21395;0.0750199;-0.262999;0.262096;
70;0.315058;-0.209349;0.21395;0.0750199;-0.262999;0.262096;
71;0.313527;-0.209127;0.215157;0.0720401;-0.259064;0.259935;
72;0.313527;-0.209127;0.215157;0.0720401;-0.259064;0.259935;
73;0.336651;-0.20543;0.257623;0.090772;-0.253742;0.262532;
74;0.343684;-0.192102;0.212931;0.103837;-0.249111;0.258076;
75;0.343684;-0.192102;0.212931;0.103837;-0.249111;0.258076;
76;0.357833;-0.181066;0.213677;0.120725;-0.247001;0.26108;
77;0.357833;-0.181066;0.213677;0.120725;-0.247001;0.26108;
78;0.376822;-0.159124;0.211021;0.145152;-0.241073;0.260295;
79;0.376822;-0.159124;0.211021;0.145152;-0.241073;0.260295;
80;0.368383;-0.150784;0.209547;0.144886;-0.247001;0.269599;
81;0.368383;-0.150784;0.209547;0.144886;-0.247001;0.269599;
82;0.389505;-0.159346;0.204276;0.165898;-0.254896;0.264983;
83;0.384522;-0.154648;0.20366;0.162219;-0.252683;0.265185;
84;0.384522;-0.154648;0.20366;0.162219;-0.252683;0.265185;
85;0.383928;-0.151718;0.216066;0.157591;-0.245946;0.268101;
86;0.383928;-0.151718;0.216066;0.157591;-0.245946;0.268101;
87;0.383147;-0.150282;0.212018;0.154609;-0.23998;0.262411;
88;0.380953;-0.146627;0.213281;0.150755;-0.234794;0.258562;
89;0.362685;-0.150883;0.209791;0.124972;-0.216375;0.254716;
90;0.362685;-0.150883;0.209791;0.124972;-0.216375;0.254716;
91;0.362685;-0.150883;0.209791;0.124972;-0.216375;0.254716;
92;0.352047;-0.152674;0.213295;0.112338;-0.211629;0.256636;
93;0.363136;-0.155003;0.21194;0.121542;-0.209257;0.25072;
94;0.36205;-0.162189;0.208801;0.119687;-0.213603;0.246643;
95;0.36205;-0.162189;0.208801;0.119687;-0.213603;0.246643;
96;0.36205;-0.162189;0.208801;0.119687;-0.213603;0.246643;
97;0.367512;-0.163422;0.204755;0.126132;-0.21886;0.24319;
98;0.367512;-0.163422;0.204755;0.126132;-0.21886;0.24319;
99;0.367941;-0.168088;0.203976;0.126297;-0.222172;0.242678;
0;-0.0403351;-0.303387;-0.0814292;-0.0912138;-0.231899;0.153338;
1;-0.0403351;-0.303387;-0.0814292;-0.0912138;-0.231899;0.153338;
2;-0.0470585;-0.302956;-0.0816934;-0.090262;-0.22825;0.153609;
3;-0.0505476;-0.302306;-0.0826777;-0.0871364;-0.226326;0.153337;
4;-0.0552163;-0.300978;-0.0838424;-0.0872024;-0.226434;0.153297;
5;-0.0552163;-0.300978;-0.0838424;-0.0872024;-0.226434;0.153297;
6;-0.0558016;-0.297564;-0.0847689;-0.0853996;-0.225043;0.153306;
7;-0.0557968;-0.297828;-0.0851962;-0.084767;-0.223857;0.152509;
8;-0.0545967;-0.297184;-0.085198;-0.084921;-0.223368;0.152387;
9;-0.0545967;-0.297184;-0.085198;-0.084921;-0.223368;0.152387;
10;-0.0524615;-0.297832;-0.0850734;-0.0842263;-0.223401;0.152131;
11;-0.0491865;-0.298351;-0.0836462;-0.081844;-0.225059;0.153791;
12;-0.0447631;-0.300774;-0.0824989;-0.0809501;-0.22362;0.153197;
13;-0.0447631;-0.300774;-0.0824989;-0.0809501;-0.22362;0.153197;
14;-0.0438665;-0.301653;-0.0819722;-0.079107;-0.225264;0.154116;
15;-0.0398968;-0.300874;-0.0822905;-0.0775757;-0.224413;0.153397;
16;-0.036845;-0.301743;-0.0813942;-0.0764307;-0.224418;0.153699;
17;-0.036845;-0.301743;-0.0813942;-0.0764307;-0.224418;0.153699;
18;-0.0359552;-0.301;-0.0808591;-0.07618;-0.223862;0.154187;
19;-0.0359552;-0.301;-0.0808591;-0.07618;-0.223862;0.154187;
20;-0.0363201;-0.302356;-0.0791721;-0.0770274;-0.223138;0.155097;
21;-0.0363201;-0.302356;-0.0791721;-0.0770274;-0.223138;0.155097;
22;-0.035152;-0.304039;-0.0783683;-0.0778834;-0.222746;0.154827;
23;-0.0309431;-0.303081;-0.0780003;-0.0786805;-0.223037;0.154656;
24;-0.0286945;-0.304224;-0.0775734;-0.0800449;-0.223223;0.15398;
25;-0.0286945;-0.304224;-0.0775734;-0.0800449;-0.223223;0.15398;
26;-0.0185677;-0.304933;-0.0755154;-0.0804029;-0.223548;0.153324;
27;-0.0139043;-0.307413;-0.0733903;-0.0800498;-0.224077;0.153534;
28;-0.0139043;-0.307413;-0.0733903;-0.0800498;-0.224077;0.153534;
29;-0.0116948;-0.308725;-0.0722968;-0.0789871;-0.224808;0.154075;
30;-0.0051121;-0.308236;-0.0709369;-0.0772042;-0.226557;0.154775;
31;-0.000760854;-0.310764;-0.0691396;-0.0772615;-0.227207;0.154424;
32;0.012413;-0.31091;-0.064761;-0.0778859;-0.227061;0.153482;
33;0.012413;-0.31091;-0.064761;-0.0778859;-0.227061;0.153482;
34;0.0167105;-0.311127;-0.0622605;-0.0788366;-0.226064;0.153262;
35;0.0218427;-0.312595;-0.0586127;-0.0790461;-0.226001;0.153844;
36;0.0276059;-0.31287;-0.0557593;-0.0782555;-0.226485;0.15435;
37;0.0276059;-0.31287;-0.0557593;-0.0782555;-0.226485;0.15435;
38;0.0285427;-0.316688;-0.0532654;-0.0793475;-0.227136;0.154472;
39;0.0448657;-0.317822;-0.0466137;-0.0761111;-0.230086;0.154588;
40;0.0507785;-0.320405;-0.0421036;-0.074263;-0.231255;0.155967;
41;0.0507785;-0.320405;-0.0421036;-0.074263;-0.231255;0.155967;
42;0.0557424;-0.318913;-0.0373338;-0.0749899;-0.230937;0.157561;
43;0.0557424;-0.318913;-0.0373338;-0.0749899;-0.230937;0.157561;
44;0.0672613;-0.31948;-0.0294758;-0.0695912;-0.234921;0.162712;
45;0.0672613;-0.31948;-0.0294758;-0.0695912;-0.234921;0.162712;
46;0.0838486;-0.318074;-0.0214623;-0.0625719;-0.237272;0.165211;
47;0.0928925;-0.319781;-0.0187575;-0.0513269;-0.241058;0.170499;
48;0.0931289;-0.316543;-0.00924732;-0.0467723;-0.240591;0.184334;
49;0.0931289;-0.316543;-0.00924732;-0.0467723;-0.240591;0.184334;
50;0.1022;-0.315034;-0.00494673;-0.046618;-0.242255;0.183125;
51;0.108292;-0.312768;0.00175902;-0.0513409;-0.24086;0.181095;
52;0.126891;-0.306089;0.0164185;-0.0495512;-0.241467;0.182271;
53;0.128448;-0.304863;0.0229046;-0.0513154;-0.241707;0.185727;
54;0.128448;-0.304863;0.0229046;-0.0513154;-0.241707;0.185727;
55;0.136663;-0.30173;0.0299595;-0.0491066;-0.244238;0.18807;
56;0.149975;-0.303874;0.0291907;-0.0335537;-0.253776;0.192354;
57;0.161842;-0.300696;0.0330404;-0.0247351;-0.259206;0.195159;
58;0.161842;-0.300696;0.0330404;-0.0247351;-0.259206;0.195159;
59;0.188416;-0.291993;0.042582;-0.00906851;-0.262724;0.194101;
60;0.205915;-0.288929;0.0400159;0.00714578;-0.263423;0.190531;
61;0.230578;-0.284544;0.0371236;0.028079;-0.27859;0.184682;
62;0.230578;-0.284544;0.0371236;0.028079;-0.27859;0.184682;
63;0.246576;-0.282246;0.0382716;0.042388;-0.283301;0.183602;
64;0.241794;-0.289054;0.0472643;0.0318863;-0.283121;0.184079;
65;0.249976;-0.283258;0.0716761;0.0263952;-0.280101;0.184885;
66;0.249976;-0.283258;0.0716761;0.0263952;-0.280101;0.184885;
67;0.258904;-0.277616;0.0807815;0.0326811;-0.276126;0.188651;
68;0.263543;-0.27355;0.0905651;0.0333164;-0.27635;0.189573;
69;0.261984;-0.271532;0.103265;0.0285437;-0.273183;0.194465;
70;0.261984;-0.271532;0.103265;0.0285437;-0.273183;0.194465;
71;0.277538;-0.273462;0.104189;0.0466825;-0.277417;0.201682;
72;0.292548;-0.261587;0.120395;0.0587273;-0.278723;0.208988;
73;0.298028;-0.256679;0.128902;0.0618248;-0.279903;0.209421;
74;0.298028;-0.256679;0.128902;0.0618248;-0.279903;0.209421;
75;0.322709;-0.247491;0.136974;0.0825924;-0.279265;0.201388;
76;0.336837;-0.244752;0.163035;0.0916073;-0.280782;0.200169;
77;0.321629;-0.261754;0.136405;0.0817139;-0.283611;0.205528;
78;0.321629;-0.261754;0.136405;0.0817139;-0.283611;0.205528;
79;0.306785;-0.266;0.148248;0.0645231;-0.286701;0.209038;
80;0.306003;-0.260742;0.155014;0.0636074;-0.285733;0.213621;
81;0.299545;-0.25624;0.162677;0.0582942;-0.284782;0.224307;
82;0.299545;-0.25624;0.162677;0.0582942;-0.284782;0.224307;
83;0.299493;-0.253828;0.167092;0.0571195;-0.285312;0.222578;
84;0.296393;-0.248455;0.173214;0.0537744;-0.283154;0.225625;
85;0.294349;-0.243798;0.181187;0.0507745;-0.281528;0.226606;
86;0.294349;-0.243798;0.181187;0.0507745;-0.281528;0.226606;
87;0.297355;-0.252641;0.179806;0.0526096;-0.281506;0.225426;
88;0.308005;-0.239348;0.185217;0.0656924;-0.270606;0.241096;
89;0.317322;-0.236866;0.20914;0.0708956;-0.262761;0.246797;
90;0.317322;-0.236866;0.20914;0.0708956;-0.262761;0.246797;
91;0.31023;-0.236034;0.20584;0.0641333;-0.261474;0.245889;
92;0.318919;-0.229532;0.190542;0.0760718;-0.261047;0.243896;
93;0.315947;-0.218153;0.189246;0.0734222;-0.253349;0.241762;
94;0.315947;-0.218153;0.189246;0.0734222;-0.253349;0.241762;
95;0.308041;-0.218644;0.192065;0.0636893;-0.248369;0.239219;
96;0.308041;-0.218644;0.192065;0.0636893;-0.248369;0.239219;
97;0.308683;-0.224814;0.193847;0.0635113;-0.249469;0.239649;
98;0.312708;-0.222575;0.19468;0.0673366;-0.251709;0.23662;
99;0.327576;-0.204695;0.194893;0.083562;-0.247195;0.233178;
0;-0.0240306;-0.293304;-0.0813376;-0.0704131;-0.226153;0.155631;
1;-0.0234029;-0.294323;-0.0786996;-0.071799;-0.224221;0.157008;
2;-0.0234029;-0.294323;-0.0786996;-0.071799;-0.224221;0.157008;
3;-0.0216902;-0.295109;-0.0771992;-0.0729186;-0.223819;0.157552;
4;-0.0216902;-0.295109;-0.0771992;-0.0729186;-0.223819;0.157552;
5;-0.0174457;-0.297921;-0.0747811;-0.0739628;-0.223056;0.157632;
6;-0.0174457;-0.297921;-0.0747811;-0.0739628;-0.223056;0.157632;
7;-0.0122273;-0.299195;-0.0735549;-0.0748855;-0.222911;0.156813;
8;-0.00511076;-0.299986;-0.0721629;-0.0742685;-0.224103;0.156472;
9;-0.00511076;-0.299986;-0.0721629;-0.0742685;-0.224103;0.156472;
10;0.00230754;-0.300488;-0.0702807;-0.0732987;-0.224553;0.156286;
11;0.00230754;-0.300488;-0.0702807;-0.0732987;-0.224553;0.156286;
12;0.00742886;-0.301292;-0.0699802;-0.0730339;-0.225821;0.155064;
13;0.0239732;-0.304031;-0.0637759;-0.0725192;-0.225654;0.15385;
14;0.0239732;-0.304031;-0.0637759;-0.0725192;-0.225654;0.15385;
15;0.0307346;-0.303327;-0.0613005;-0.0724791;-0.224778;0.153156;
16;0.0307346;-0.303327;-0.0613005;-0.0724791;-0.224778;0.153156;
17;0.0363726;-0.304478;-0.0567308;-0.0722033;-0.22386;0.154283;
18;0.0448959;-0.301892;-0.0537061;-0.0709136;-0.225215;0.154917;
19;0.0448959;-0.301892;-0.0537061;-0.0709136;-0.225215;0.154917;
20;0.056359;-0.302603;-0.0531599;-0.0613031;-0.233881;0.157191;
21;0.056359;-0.302603;-0.0531599;-0.0613031;-0.233881;0.157191;
22;0.0809571;-0.299266;-0.0450888;-0.0554667;-0.239117;0.156369;
23;0.0809571;-0.299266;-0.0450888;-0.0554667;-0.239117;0.156369;
24;0.0903191;-0.299581;-0.0421413;-0.0515494;-0.240901;0.155962;
25;0.0903191;-0.299581;-0.0421413;-0.0515494;-0.240901;0.155962;
26;0.0997479;-0.299147;-0.0363942;-0.050181;-0.24127;0.155924;
27;0.0997479;-0.299147;-0.0363942;-0.050181;-0.24127;0.155924;
28;0.117643;-0.294462;-0.0196454;-0.0495347;-0.243011;0.159852;
29;0.117643;-0.294462;-0.0196454;-0.0495347;-0.243011;0.159852;
30;0.140065;-0.29009;-0.00118411;-0.046286;-0.245275;0.160308;
31;0.140065;-0.29009;-0.00118411;-0.046286;-0.245275;0.160308;
32;0.140065;-0.29009;-0.00118411;-0.046286;-0.245275;0.160308;
33;0.149872;-0.288827;0.0070827;-0.0418708;-0.246786;0.162909;
34;0.165355;-0.285494;0.0106349;-0.028816;-0.252627;0.165659;
35;0.177766;-0.282104;0.0195481;-0.0190148;-0.256244;0.172595;
36;0.177766;-0.282104;0.0195481;-0.0190148;-0.256244;0.172595;
37;0.184992;-0.280017;0.0290179;-0.0178696;-0.257382;0.174448;
38;0.184992;-0.280017;0.0290179;-0.0178696;-0.257382;0.174448;
39;0.195329;-0.274301;0.0474928;-0.0185639;-0.25856;0.177173;
40;0.212198;-0.272599;0.0450506;0.00729595;-0.264003;0.189121;
41;0.212198;-0.272599;0.0450506;0.00729595;-0.264003;0.189121;
42;0.220522;-0.2768;0.0472522;0.0165605;-0.266963;0.192572;
43;0.220522;-0.2768;0.0472522;0.0165605;-0.266963;0.192572;
44;0.222555;-0.280786;0.0501373;0.0164366;-0.268143;0.192159;
45;0.229582;-0.277613;0.0597442;0.0167621;-0.267298;0.191714;
46;0.229582;-0.277613;0.0597442;0.0167621;-0.267298;0.191714;
47;0.242596;-0.269389;0.0713279;0.0237425;-0.265901;0.193416;
48;0.242596;-0.269389;0.0713279;0.0237425;-0.265901;0.193416;
49;0.25484;-0.269746;0.0708625;0.0364603;-0.266535;0.193804;
50;0.25484;-0.269746;0.0708625;0.0364603;-0.266535;0.193804;
51;0.260459;-0.264701;0.0765128;0.0479629;-0.282896;0.208153;
52;0.266144;-0.268663;0.0752026;0.0523704;-0.285516;0.20494;
53;0.266144;-0.268663;0.0752026;0.0523704;-0.285516;0.20494;
54;0.268804;-0.272409;0.0805606;0.0511649;-0.29114;0.203432;
55;0.268804;-0.272409;0.0805606;0.0511649;-0.29114;0.203432;
56;0.281142;-0.267381;0.0903471;0.0560358;-0.293243;0.19746;
57;0.295449;-0.274703;0.0917311;0.0645709;-0.287194;0.188447;
58;0.295449;-0.274703;0.0917311;0.0645709;-0.287194;0.188447;
59;0.309992;-0.269713;0.100749;0.0743096;-0.282621;0.185021;
60;0.309992;-0.269713;0.100749;0.0743096;-0.282621;0.185021;
61;0.31294;-0.275776;0.108214;0.0740096;-0.28292;0.183552;
62;0.31457;-0.277949;0.113535;0.0748754;-0.282186;0.186631;
63;0.31457;-0.277949;0.113535;0.0748754;-0.282186;0.186631;
64;0.318111;-0.267462;0.126088;0.075688;-0.280013;0.188445;
65;0.318111;-0.267462;0.126088;0.075688;-0.280013;0.188445;
66;0.321425;-0.26516;0.132341;0.0785471;-0.279437;0.192518;
67;0.327136;-0.255369;0.138875;0.0834891;-0.279293;0.19253;
68;0.327136;-0.255369;0.138875;0.0834891;-0.279293;0.19253;
69;0.325353;-0.247733;0.145871;0.0807251;-0.278245;0.191045;
70;0.325353;-0.247733;0.145871;0.0807251;-0.278245;0.191045;
71;0.325918;-0.233549;0.151877;0.0814802;-0.272268;0.191447;
72;0.325918;-0.233549;0.151877;0.0814802;-0.272268;0.191447;
73;0.315115;-0.235287;0.1589;0.0697473;-0.266342;0.199456;
74;0.300339;-0.227205;0.16652;0.0565823;-0.262114;0.2132;
75;0.300339;-0.227205;0.16652;0.0565823;-0.262114;0.2132;
76;0.295239;-0.222385;0.171934;0.0526565;-0.2619;0.220995;
77;0.295239;-0.222385;0.171934;0.0526565;-0.2619;0.220995;
78;0.303678;-0.216275;0.172218;0.0624854;-0.257029;0.226808;
79;0.317178;-0.205548;0.174362;0.0769267;-0.251527;0.228953;
80;0.317178;-0.205548;0.174362;0.0769267;-0.251527;0.228953;
81;0.314462;-0.201922;0.178147;0.0744084;-0.253461;0.228474;
82;0.314462;-0.201922;0.178147;0.0744084;-0.253461;0.228474;
83;0.314503;-0.206468;0.178832;0.0739466;-0.257304;0.227441;
84;0.308811;-0.205233;0.180383;0.0687439;-0.25844;0.228878;
85;0.308811;-0.205233;0.180383;0.0687439;-0.25844;0.228878;
86;0.305192;-0.205039;0.182998;0.0650477;-0.258425;0.230908;
87;0.305192;-0.205039;0.182998;0.0650477;-0.258425;0.230908;
88;0.303068;-0.202043;0.185008;0.0631179;-0.256925;0.232192;
89;0.300402;-0.199426;0.186598;0.0604041;-0.255559;0.232037;
90;0.300402;-0.199426;0.186598;0.0604041;-0.255559;0.232037;
91;0.304401;-0.193284;0.185433;0.0646396;-0.250406;0.230888;
92;0.304401;-0.193284;0.185433;0.0646396;-0.250406;0.230888;
93;0.292335;-0.190114;0.182277;0.052205;-0.233377;0.239552;
94;0.292335;-0.190114;0.182277;0.052205;-0.233377;0.239552;
95;0.286452;-0.189168;0.187197;0.0456894;-0.223656;0.247682;
96;0.279457;-0.185706;0.191303;0.0376428;-0.219146;0.24807;
97;0.279457;-0.185706;0.191303;0.0376428;-0.219146;0.24807;
98;0.279457;-0.185706;0.191303;0.0376428;-0.219146;0.24807;
99;0.245933;-0.185882;0.195349;0.000296465;-0.214734;0.235908;
0;-0.0310826;-0.302628;-0.0830239;-0.0690136;-0.227485;0.153047;
1;-0.0310826;-0.302628;-0.0830239;-0.0690136;-0.227485;0.153047;
2;-0.0321523;-0.303645;-0.0818411;-0.0690926;-0.227858;0.154181;
3;-0.0321523;-0.303645;-0.0818411;-0.0690926;-0.227858;0.154181;
4;-0.0293915;-0.302839;-0.0804938;-0.0691167;-0.228076;0.155403;
5;-0.0293915;-0.302839;-0.0804938;-0.0691167;-0.228076;0.155403;
6;-0.0289308;-0.304792;-0.0779809;-0.0687804;-0.227543;0.157092;
7;-0.0289308;-0.304792;-0.0779809;-0.0687804;-0.227543;0.157092;
8;-0.0291008;-0.304433;-0.0762236;-0.0674652;-0.227718;0.159271;
9;-0.0291008;-0.304433;-0.0762236;-0.0674652;-0.227718;0.159271;
10;-0.0269724;-0.306;-0.0753354;-0.0671219;-0.228311;0.159542;
11;-0.0269724;-0.306;-0.0753354;-0.0671219;-0.228311;0.159542;
12;-0.0258921;-0.30755;-0.0753268;-0.0675217;-0.228484;0.158832;
13;-0.0258921;-0.30755;-0.0753268;-0.0675217;-0.228484;0.158832;
14;-0.0258921;-0.30755;-0.0753268;-0.0675217;-0.228484;0.158832;
15;-0.0182881;-0.309732;-0.0737712;-0.0678327;-0.228009;0.157921;
16;-0.012791;-0.310099;-0.0720276;-0.068075;-0.226809;0.157801;
17;-0.012791;-0.310099;-0.0720276;-0.068075;-0.226809;0.157801;
18;-0.0062338;-0.31218;-0.0696091;-0.068398;-0.226123;0.157425;
19;-0.0062338;-0.31218;-0.0696091;-0.068398;-0.226123;0.157425;
20;-0.0062338;-0.31218;-0.0696091;-0.068398;-0.226123;0.157425;
21;-0.000404745;-0.313809;-0.0675412;-0.0686657;-0.225548;0.156881;
22;-0.000404745;-0.313809;-0.0675412;-0.0686657;-0.225548;0.156881;
23;0.00574432;-0.313872;-0.0662763;-0.0676959;-0.225276;0.156371;
24;0.00574432;-0.313872;-0.0662763;-0.0676959;-0.225276;0.156371;
25;0.019468;-0.317082;-0.0596612;-0.067342;-0.224786;0.15658;
26;0.019468;-0.317082;-0.0596612;-0.067342;-0.224786;0.15658;
27;0.0309599;-0.316652;-0.0555487;-0.0667684;-0.225544;0.156497;
28;0.0309599;-0.316652;-0.0555487;-0.0667684;-0.225544;0.156497;
29;0.038657;-0.317996;-0.0519618;-0.06591;-0.226718;0.156722;
30;0.038657;-0.317996;-0.0519618;-0.06591;-0.226718;0.156722;
31;0.0479137;-0.319022;-0.0495384;-0.0600206;-0.230623;0.15867;
32;0.0479137;-0.319022;-0.0495384;-0.0600206;-0.230623;0.15867;
33;0.0576998;-0.318688;-0.0452378;-0.0576171;-0.233499;0.160334;
34;0.0576998;-0.318688;-0.0452378;-0.0576171;-0.233499;0.160334;
35;0.0761408;-0.317798;-0.0347491;-0.0547903;-0.236015;0.162693;
36;0.0761408;-0.317798;-0.0347491;-0.0547903;-0.236015;0.162693;
37;0.0841079;-0.316543;-0.0308809;-0.0487838;-0.241725;0.168008;
38;0.0841079;-0.316543;-0.0308809;-0.0487838;-0.241725;0.168008;
39;0.0949265;-0.313849;-0.0240907;-0.0349193;-0.250548;0.180721;
40;0.0949265;-0.313849;-0.0240907;-0.0349193;-0.250548;0.180721;
41;0.0949265;-0.313849;-0.0240907;-0.0349193;-0.250548;0.180721;
42;0.105873;-0.312598;-0.0195542;-0.0357887;-0.250024;0.177502;
43;0.105873;-0.312598;-0.0195542;-0.0357887;-0.250024;0.177502;
44;0.115476;-0.309938;-0.0144855;-0.0367698;-0.250722;0.175592;
45;0.115476;-0.309938;-0.0144855;-0.0367698;-0.250722;0.175592;
46;0.14023;-0.299697;0.00177941;-0.0317278;-0.254058;0.178309;
47;0.14023;-0.299697;0.00177941;-0.0317278;-0.254058;0.178309;
48;0.155777;-0.296395;0.00501752;-0.0220747;-0.257244;0.177211;
49;0.155777;-0.296395;0.00501752;-0.0220747;-0.257244;0.177211;
50;0.17355;-0.289954;0.011848;-0.0143257;-0.259803;0.174969;
51;0.17355;-0.289954;0.011848;-0.0143257;-0.259803;0.174969;
52;0.193872;-0.290563;0.0128295;0.00224818;-0.262461;0.171906;
53;0.193872;-0.290563;0.0128295;0.00224818;-0.262461;0.171906;
54;0.193872;-0.290563;0.0128295;0.00224818;-0.262461;0.171906;
55;0.21034;-0.294697;0.00905656;0.0210184;-0.265935;0.17075;
56;0.243208;-0.288403;0.028767;0.0419919;-0.269562;0.176996;
57;0.243208;-0.288403;0.028767;0.0419919;-0.269562;0.176996;
58;0.262957;-0.281354;0.033409;0.0610728;-0.273006;0.181692;
59;0.262957;-0.281354;0.033409;0.0610728;-0.273006;0.181692;
60;0.267501;-0.282964;0.0498253;0.0575658;-0.271777;0.186269;
61;0.267501;-0.282964;0.0498253;0.0575658;-0.271777;0.186269;
62;0.267501;-0.282964;0.0498253;0.0575658;-0.271777;0.186269;
63;0.274005;-0.280549;0.0673971;0.0554595;-0.270966;0.189711;
64;0.274005;-0.280549;0.0673971;0.0554595;-0.270966;0.189711;
65;0.278226;-0.276893;0.0817008;0.0541644;-0.270876;0.193839;
66;0.278226;-0.276893;0.0817008;0.0541644;-0.270876;0.193839;
67;0.288413;-0.272118;0.109576;0.0523802;-0.274396;0.193827;
68;0.288413;-0.272118;0.109576;0.0523802;-0.274396;0.193827;
69;0.296562;-0.268648;0.116469;0.0582417;-0.275955;0.193701;
70;0.296562;-0.268648;0.116469;0.0582417;-0.275955;0.193701;
71;0.310144;-0.268735;0.113743;0.0735004;-0.282101;0.195204;
72;0.310144;-0.268735;0.113743;0.0735004;-0.282101;0.195204;
73;0.318209;-0.257681;0.118248;0.0815377;-0.282787;0.196806;
74;0.318209;-0.257681;0.118248;0.0815377;-0.282787;0.196806;
75;0.321484;-0.260033;0.129236;0.0823108;-0.285762;0.199586;
76;0.321484;-0.260033;0.129236;0.0823108;-0.285762;0.199586;
77;0.32408;-0.254718;0.145258;0.0823727;-0.282812;0.205283;
78;0.32408;-0.254718;0.145258;0.0823727;-0.282812;0.205283;
79;0.323958;-0.252871;0.152546;0.0815975;-0.279671;0.210492;
80;0.323958;-0.252871;0.152546;0.0815975;-0.279671;0.210492;
81;0.323958;-0.252871;0.152546;0.0815975;-0.279671;0.210492;
82;0.321297;-0.250287;0.156908;0.0802559;-0.275527;0.22076;
83;0.321297;-0.250287;0.156908;0.0802559;-0.275527;0.22076;
84;0.313359;-0.251604;0.158371;0.0736062;-0.272594;0.228321;
85;0.313359;-0.251604;0.158371;0.0736062;-0.272594;0.228321;
86;0.313099;-0.250071;0.160381;0.0719907;-0.276629;0.223436;
87;0.313099;-0.250071;0.160381;0.0719907;-0.276629;0.223436;
88;0.308653;-0.243577;0.165328;0.0683758;-0.271928;0.230732;
89;0.308653;-0.243577;0.165328;0.0683758;-0.271928;0.230732;
90;0.290651;-0.179921;0.250928;0.059175;-0.272586;0.225491;
91;0.290651;-0.179921;0.250928;0.059175;-0.272586;0.225491;
92;0.323175;-0.237553;0.16655;0.0800075;-0.271523;0.216855;
93;0.323175;-0.237553;0.16655;0.0800075;-0.271523;0.216855;
94;0.313566;-0.234499;0.170299;0.0710724;-0.270022;0.222737;
95;0.313566;-0.234499;0.170299;0.0710724;-0.270022;0.222737;
96;0.313566;-0.234499;0.170299;0.0710724;-0.270022;0.222737;
97;0.321114;-0.216352;0.177429;0.0787814;-0.262051;0.222164;
98;0.298872;-0.148983;0.255858;0.0757246;-0.256854;0.21866;
99;0.298872;-0.148983;0.255858;0.0757246;-0.256854;0.21866;
0;-0.040207;-0.303067;-0.0866322;-0.0780485;-0.22157;0.147336;
1;-0.040207;-0.303067;-0.0866322;-0.0780485;-0.22157;0.147336;
2;-0.0378898;-0.302679;-0.0868496;-0.0784767;-0.221785;0.146867;
3;-0.0397567;-0.303687;-0.0862091;-0.078718;-0.221434;0.14731;
4;-0.0381728;-0.302802;-0.0855624;-0.0793423;-0.221661;0.147967;
5;-0.0387522;-0.303947;-0.084242;-0.0792591;-0.221811;0.149055;
6;-0.0371697;-0.302564;-0.0836222;-0.0792929;-0.221465;0.149752;
7;-0.034709;-0.303614;-0.0823258;-0.0792882;-0.22137;0.150189;
8;-0.0318536;-0.303785;-0.0808604;-0.0791142;-0.221094;0.150966;
9;-0.0302932;-0.302064;-0.0810542;-0.0781767;-0.22069;0.15111;
10;-0.0278885;-0.301821;-0.0788831;-0.0793827;-0.218796;0.15192;
11;-0.0280932;-0.30288;-0.0773556;-0.0806714;-0.218693;0.152781;
12;-0.0247071;-0.303764;-0.0755545;-0.0806063;-0.218222;0.153296;
13;-0.0216854;-0.302125;-0.0754587;-0.0806441;-0.218597;0.153368;
14;-0.0191608;-0.304478;-0.0749342;-0.0803619;-0.219143;0.152634;
15;-0.0140857;-0.306208;-0.0725685;-0.0787466;-0.219192;0.1534;
16;-0.0112317;-0.308504;-0.0718078;-0.0776715;-0.219258;0.152771;
17;-0.00593895;-0.30738;-0.0705562;-0.0768399;-0.219078;0.15303;
18;-0.00546811;-0.308715;-0.0694475;-0.076481;-0.219445;0.153718;
19;-0.0021504;-0.308969;-0.0680169;-0.0762566;-0.219471;0.154049;
20;-0.0021504;-0.308969;-0.0680169;-0.0762566;-0.219471;0.154049;
21;0.00288772;-0.312565;-0.0650237;-0.0745836;-0.220672;0.154905;
22;0.00533237;-0.312665;-0.0638252;-0.0749136;-0.220662;0.15506;
23;0.00844474;-0.313358;-0.0621806;-0.076129;-0.220218;0.154584;
24;0.00914359;-0.314915;-0.0611169;-0.0767996;-0.220369;0.154497;
25;0.0220212;-0.314672;-0.0568131;-0.0745302;-0.221433;0.154845;
26;0.0284596;-0.315891;-0.0525833;-0.0753008;-0.221606;0.155164;
27;0.0335424;-0.317681;-0.0537193;-0.0719043;-0.22448;0.153668;
28;0.0362961;-0.318467;-0.051611;-0.0721662;-0.224629;0.153925;
29;0.0467585;-0.318476;-0.0462105;-0.0708609;-0.225047;0.154417;
30;0.0510027;-0.317953;-0.0441728;-0.0705708;-0.225034;0.154324;
31;0.0678431;-0.314574;-0.0381286;-0.0669611;-0.225853;0.15363;
32;0.0749863;-0.313806;-0.0326639;-0.0682643;-0.224829;0.152747;
33;0.08381;-0.311733;-0.0312709;-0.0646342;-0.226663;0.151875;
34;0.08381;-0.311733;-0.0312709;-0.0646342;-0.226663;0.151875;
35;0.0869712;-0.309724;-0.026955;-0.0676516;-0.226761;0.151997;
36;0.093546;-0.307052;-0.0219654;-0.0683718;-0.227772;0.152138;
37;0.109839;-0.308227;-0.0145514;-0.0614477;-0.236808;0.153898;
38;0.119693;-0.30579;-0.0128281;-0.0559672;-0.240626;0.153641;
39;0.130236;-0.304567;-0.0131659;-0.0432848;-0.24325;0.156968;
40;0.135295;-0.304066;-0.004747;-0.0470463;-0.241425;0.155385;
41;0.142635;-0.304342;-0.00479227;-0.0381881;-0.244123;0.15797;
42;0.154735;-0.299882;0.00595039;-0.0357139;-0.24598;0.159698;
43;0.16072;-0.295424;0.0115452;-0.0358424;-0.247879;0.15959;
44;0.165707;-0.294122;0.0147941;-0.033531;-0.249054;0.160012;
45;0.171088;-0.293924;0.0148052;-0.0271563;-0.250951;0.162004;
46;0.177963;-0.289984;0.0178314;-0.0227321;-0.251998;0.163066;
47;0.183257;-0.290323;0.0267148;-0.0252388;-0.254188;0.161023;
48;0.19587;-0.283167;0.0303894;-0.0148682;-0.256571;0.163418;
49;0.206935;-0.279856;0.0349634;-0.00533767;-0.260976;0.166867;
50;0.219657;-0.276122;0.038463;0.00917731;-0.267585;0.174258;
51;0.22571;-0.27282;0.0420376;0.0148259;-0.268825;0.177414;
52;0.245362;-0.268028;0.0527449;0.02809;-0.262676;0.17756;
53;0.258791;-0.269255;0.0511254;0.04254;-0.26356;0.177687;
54;0.272133;-0.263374;0.0568861;0.0533155;-0.264147;0.179086;
55;0.281353;-0.25897;0.062862;0.0613027;-0.268612;0.182443;
56;0.293157;-0.2564;0.0688265;0.0666756;-0.274334;0.174653;
57;0.300154;-0.260404;0.0907131;0.0615714;-0.282369;0.164272;
58;0.307227;-0.252335;0.093999;0.0691388;-0.280505;0.167042;
59;0.306824;-0.256275;0.0966378;0.0727964;-0.278474;0.183547;
60;0.306674;-0.257509;0.0969319;0.0751288;-0.282449;0.189558;
61;0.30771;-0.25107;0.107806;0.071879;-0.283938;0.186026;
62;0.308844;-0.245191;0.117695;0.0721874;-0.28361;0.19072;
63;0.312366;-0.2436;0.117948;0.0765874;-0.282677;0.19342;
64;0.314968;-0.242586;0.121175;0.0793306;-0.284399;0.195615;
65;0.310955;-0.246139;0.124985;0.0734097;-0.285462;0.194562;
66;0.312534;-0.244707;0.130368;0.0734159;-0.282946;0.194982;
67;0.312534;-0.244707;0.130368;0.0734159;-0.282946;0.194982;
68;0.311229;-0.239084;0.143089;0.06971;-0.282565;0.194008;
69;0.314749;-0.238008;0.14453;0.0731492;-0.282041;0.194583;
70;0.312429;-0.232642;0.147838;0.0714819;-0.283014;0.194975;
71;0.315175;-0.228714;0.150868;0.0748392;-0.281862;0.198075;
72;0.308709;-0.229882;0.154714;0.0675391;-0.279076;0.201958;
73;0.303996;-0.214613;0.188304;0.0614425;-0.275261;0.205757;
74;0.301744;-0.210522;0.189481;0.0599863;-0.27455;0.205863;
75;0.298719;-0.204706;0.184978;0.0584936;-0.270028;0.213951;
76;0.29892;-0.207409;0.17983;0.0583163;-0.263649;0.221805;
77;0.29808;-0.18219;0.191451;0.062074;-0.252056;0.238727;
78;0.300959;-0.181235;0.186825;0.0669468;-0.252559;0.241286;
79;0.299822;-0.191183;0.175013;0.0665582;-0.255357;0.240469;
80;0.300373;-0.185555;0.177013;0.0668232;-0.252868;0.238154;
81;0.301337;-0.17634;0.178178;0.0696146;-0.249237;0.239868;
82;0.29724;-0.17867;0.176572;0.0647967;-0.252023;0.23492;
83;0.300064;-0.175164;0.178279;0.0689032;-0.253288;0.235517;
84;0.31826;-0.163782;0.175565;0.0922682;-0.256323;0.231945;
85;0.31826;-0.163782;0.175565;0.0922682;-0.256323;0.231945;
86;0.333208;-0.154474;0.174382;0.107822;-0.253883;0.220571;
87;0.333274;-0.149274;0.174551;0.1107;-0.254344;0.221837;
88;0.333274;-0.149274;0.174551;0.1107;-0.254344;0.221837;
89;0.342157;-0.143561;0.17307;0.120726;-0.252715;0.216294;
90;0.340355;-0.141269;0.174709;0.118603;-0.25033;0.216498;
91;0.340355;-0.141269;0.174709;0.118603;-0.25033;0.216498;
92;0.345611;-0.131505;0.1728;0.12677;-0.244933;0.218161;
93;0.345611;-0.131505;0.1728;0.12677;-0.244933;0.218161;
94;0.347446;-0.127343;0.174525;0.128821;-0.241892;0.218075;
95;0.353746;-0.136065;0.169973;0.129774;-0.238625;0.216156;
96;0.351612;-0.143422;0.170378;0.121628;-0.234283;0.211198;
97;0.330113;-0.160834;0.170797;0.0958486;-0.241341;0.208927;
98;0.326123;-0.139284;0.220979;0.0965815;-0.239581;0.212849;
99;0.328029;-0.144204;0.218887;0.0960783;-0.2389;0.212098;
0;0.0101416;-0.322442;-0.0752165;-0.0599624;-0.236318;0.149467;
1;0.0101416;-0.322442;-0.0752165;-0.0599624;-0.236318;0.149467;
2;0.015694;-0.321375;-0.0734702;-0.0564964;-0.237648;0.151459;
3;0.015694;-0.321375;-0.0734702;-0.0564964;-0.237648;0.151459;
4;0.0163475;-0.324201;-0.0706594;-0.0461854;-0.239151;0.156653;
5;0.0163475;-0.324201;-0.0706594;-0.0461854;-0.239151;0.156653;
6;0.0226457;-0.32383;-0.0674825;-0.0532969;-0.236643;0.154882;
7;0.0226457;-0.32383;-0.0674825;-0.0532969;-0.236643;0.154882;
8;0.0242482;-0.325306;-0.0670338;-0.0525295;-0.238438;0.155168;
9;0.0242482;-0.325306;-0.0670338;-0.0525295;-0.238438;0.155168;
10;0.0242482;-0.325306;-0.0670338;-0.0525295;-0.238438;0.155168;
11;0.0353996;-0.327156;-0.0621115;-0.0546789;-0.238494;0.154313;
12;0.0429491;-0.327427;-0.0572297;-0.0572192;-0.237778;0.154299;
13;0.0493894;-0.328212;-0.0527714;-0.0579229;-0.23849;0.155192;
14;0.0493894;-0.328212;-0.0527714;-0.0579229;-0.23849;0.155192;
15;0.0582398;-0.327599;-0.0472487;-0.0588618;-0.237994;0.155416;
16;0.0582398;-0.327599;-0.0472487;-0.0588618;-0.237994;0.155416;
17;0.0659261;-0.326808;-0.0416359;-0.0586926;-0.238207;0.156946;
18;0.0659261;-0.326808;-0.0416359;-0.0586926;-0.238207;0.156946;
19;0.0810075;-0.325591;-0.0312823;-0.0579887;-0.238217;0.158087;
20;0.0810075;-0.325591;-0.0312823;-0.0579887;-0.238217;0.158087;
21;0.0900418;-0.322247;-0.0236962;-0.0593501;-0.237155;0.158667;
22;0.0900418;-0.322247;-0.0236962;-0.0593501;-0.237155;0.158667;
23;0.0963474;-0.321273;-0.0177067;-0.0593564;-0.236048;0.159234;
24;0.0963474;-0.321273;-0.0177067;-0.0593564;-0.236048;0.159234;
25;0.104569;-0.318528;-0.0114105;-0.0571531;-0.23599;0.161356;
26;0.115913;-0.317725;-0.0116191;-0.0387503;-0.241084;0.170095;
27;0.115913;-0.317725;-0.0116191;-0.0387503;-0.241084;0.170095;
28;0.139113;-0.309864;0.000316376;-0.0284517;-0.244629;0.174905;
29;0.139113;-0.309864;0.000316376;-0.0284517;-0.244629;0.174905;
30;0.155209;-0.308396;-0.00134361;-0.0138779;-0.253371;0.175282;
31;0.155209;-0.308396;-0.00134361;-0.0138779;-0.253371;0.175282;
32;0.173733;-0.305538;-0.00246739;-0.00421466;-0.261689;0.16849;
33;0.173733;-0.305538;-0.00246739;-0.00421466;-0.261689;0.16849;
34;0.185744;-0.301007;0.000978318;0.00107894;-0.268555;0.167293;
35;0.185744;-0.301007;0.000978318;0.00107894;-0.268555;0.167293;
36;0.194314;-0.291765;0.00452665;0.011314;-0.277806;0.175204;
37;0.194314;-0.291765;0.00452665;0.011314;-0.277806;0.175204;
38;0.204463;-0.284853;0.0165994;0.010795;-0.276821;0.17548;
39;0.210369;-0.278025;0.0226873;0.0111425;-0.275319;0.174728;
40;0.210369;-0.278025;0.0226873;0.0111425;-0.275319;0.174728;
41;0.214766;-0.277559;0.0290546;0.0110265;-0.274334;0.174981;
42;0.214766;-0.277559;0.0290546;0.0110265;-0.274334;0.174981;
43;0.233828;-0.272081;0.0136904;0.0377003;-0.279525;0.169554;
44;0.233828;-0.272081;0.0136904;0.0377003;-0.279525;0.169554;
45;0.233828;-0.272081;0.0136904;0.0377003;-0.279525;0.169554;
46;0.243844;-0.27281;0.012618;0.0495504;-0.278576;0.170831;
47;0.252555;-0.268257;0.0165191;0.0582765;-0.27597;0.174668;
48;0.252555;-0.268257;0.0165191;0.0582765;-0.27597;0.174668;
49;0.256492;-0.265837;0.0183074;0.061789;-0.276115;0.175787;
50;0.256492;-0.265837;0.0183074;0.061789;-0.276115;0.175787;
51;0.261643;-0.267181;0.0238799;0.0614598;-0.277789;0.174309;
52;0.2647;-0.266783;0.0313268;0.0587932;-0.277696;0.173799;
53;0.2647;-0.266783;0.0313268;0.0587932;-0.277696;0.173799;
54;0.266014;-0.266645;0.0361455;0.0577514;-0.277032;0.17519;
55;0.266014;-0.266645;0.0361455;0.0577514;-0.277032;0.17519;
56;0.272944;-0.264408;0.0476524;0.0579674;-0.275165;0.176043;
57;0.272944;-0.264408;0.0476524;0.0579674;-0.275165;0.176043;
58;0.273924;-0.270065;0.0564678;0.0559444;-0.274949;0.180063;
59;0.273924;-0.270065;0.0564678;0.0559444;-0.274949;0.180063;
60;0.27425;-0.2724;0.0678206;0.0504757;-0.276736;0.180609;
61;0.27425;-0.2724;0.0678206;0.0504757;-0.276736;0.180609;
62;0.282224;-0.269514;0.0700964;0.0607511;-0.277885;0.187121;
63;0.284844;-0.271265;0.0793454;0.0592796;-0.277342;0.188426;
64;0.284844;-0.271265;0.0793454;0.0592796;-0.277342;0.188426;
65;0.295978;-0.26417;0.0848422;0.0683948;-0.27719;0.189011;
66;0.295978;-0.26417;0.0848422;0.0683948;-0.27719;0.189011;
67;0.307876;-0.259089;0.0923336;0.078652;-0.27918;0.191668;
68;0.307876;-0.259089;0.0923336;0.078652;-0.27918;0.191668;
69;0.328301;-0.238582;0.096439;0.103675;-0.29187;0.194;
70;0.328301;-0.238582;0.096439;0.103675;-0.29187;0.194;
71;0.324689;-0.249545;0.106655;0.0933126;-0.290718;0.193745;
72;0.324689;-0.249545;0.106655;0.0933126;-0.290718;0.193745;
73;0.330789;-0.246834;0.111252;0.0977782;-0.289979;0.192858;
74;0.330789;-0.246834;0.111252;0.0977782;-0.289979;0.192858;
75;0.328894;-0.246438;0.126979;0.0906897;-0.290289;0.191403;
76;0.330596;-0.236492;0.140197;0.0906242;-0.288055;0.190888;
77;0.330596;-0.236492;0.140197;0.0906242;-0.288055;0.190888;
78;0.334101;-0.233093;0.14602;0.0936845;-0.286788;0.192189;
79;0.334101;-0.233093;0.14602;0.0936845;-0.286788;0.192189;
80;0.330595;-0.232936;0.151108;0.0889384;-0.285104;0.192283;
81;0.330595;-0.232936;0.151108;0.0889384;-0.285104;0.192283;
82;0.330259;-0.233781;0.15456;0.086901;-0.269658;0.202568;
83;0.330259;-0.233781;0.15456;0.086901;-0.269658;0.202568;
84;0.3364;-0.230467;0.15585;0.0950705;-0.264545;0.214275;
85;0.3364;-0.230467;0.15585;0.0950705;-0.264545;0.214275;
86;0.339498;-0.221071;0.161693;0.0996995;-0.262071;0.221946;
87;0.339498;-0.221071;0.161693;0.0996995;-0.262071;0.221946;
88;0.346156;-0.211483;0.166331;0.107777;-0.263117;0.223984;
89;0.346156;-0.211483;0.166331;0.107777;-0.263117;0.223984;
90;0.341618;-0.211759;0.165831;0.104949;-0.266868;0.227194;
91;0.334397;-0.213171;0.170058;0.0967899;-0.266784;0.229078;
92;0.334397;-0.213171;0.170058;0.0967899;-0.266784;0.229078;
93;0.332689;-0.211907;0.173576;0.0950063;-0.266139;0.23172;
94;0.332689;-0.211907;0.173576;0.0950063;-0.266139;0.23172;
95;0.330186;-0.205063;0.180088;0.092396;-0.265426;0.231344;
96;0.330186;-0.205063;0.180088;0.092396;-0.265426;0.231344;
97;0.327566;-0.202537;0.18187;0.0902488;-0.265446;0.232248;
98;0.327566;-0.202537;0.18187;0.0902488;-0.265446;0.232248;
99;0.324429;-0.199343;0.186146;0.0878058;-0.26586;0.235133;
0;0.0480761;-0.290361;-0.0686718;-0.0620699;-0.243554;0.151537;
1;0.0480761;-0.290361;-0.0686718;-0.0620699;-0.243554;0.151537;
2;0.0488438;-0.293956;-0.065893;-0.063272;-0.244531;0.152743;
3;0.0488438;-0.293956;-0.065893;-0.063272;-0.244531;0.152743;
4;0.0534912;-0.29682;-0.0619362;-0.0625554;-0.246807;0.154505;
5;0.0534912;-0.29682;-0.0619362;-0.0625554;-0.246807;0.154505;
6;0.0615606;-0.296261;-0.0558424;-0.0623737;-0.247558;0.156486;
7;0.0615606;-0.296261;-0.0558424;-0.0623737;-0.247558;0.156486;
8;0.0829733;-0.298783;-0.0435594;-0.0603;-0.251894;0.156663;
9;0.0829733;-0.298783;-0.0435594;-0.0603;-0.251894;0.156663;
10;0.0829733;-0.298783;-0.0435594;-0.0603;-0.251894;0.156663;
11;0.0976958;-0.299542;-0.0337187;-0.0587072;-0.253825;0.156709;
12;0.0976958;-0.299542;-0.0337187;-0.0587072;-0.253825;0.156709;
13;0.113341;-0.293969;-0.0233832;-0.0571716;-0.253323;0.155748;
14;0.113341;-0.293969;-0.0233832;-0.0571716;-0.253323;0.155748;
15;0.131934;-0.292344;-0.0115282;-0.0519481;-0.258133;0.155301;
16;0.131934;-0.292344;-0.0115282;-0.0519481;-0.258133;0.155301;
17;0.131934;-0.292344;-0.0115282;-0.0519481;-0.258133;0.155301;
18;0.154045;-0.283922;-0.00155598;-0.0419092;-0.258863;0.15268;
19;0.154045;-0.283922;-0.00155598;-0.0419092;-0.258863;0.15268;
20;0.188422;-0.273529;0.0287955;-0.0264483;-0.263339;0.157409;
21;0.188422;-0.273529;0.0287955;-0.0264483;-0.263339;0.157409;
22;0.201465;-0.26891;0.044177;-0.0209919;-0.266512;0.159598;
23;0.201465;-0.26891;0.044177;-0.0209919;-0.266512;0.159598;
24;0.209079;-0.270363;0.0562456;-0.0151208;-0.272191;0.168254;
25;0.209079;-0.270363;0.0562456;-0.0151208;-0.272191;0.168254;
26;0.209079;-0.270363;0.0562456;-0.0151208;-0.272191;0.168254;
27;0.233574;-0.266703;0.0614911;0.0089883;-0.276449;0.17231;
28;0.233574;-0.266703;0.0614911;0.0089883;-0.276449;0.17231;
29;0.242258;-0.261676;0.0761187;0.0148764;-0.283069;0.17934;
30;0.242258;-0.261676;0.0761187;0.0148764;-0.283069;0.17934;
31;0.250184;-0.2534;0.103084;0.0178937;-0.286439;0.191201;
32;0.250184;-0.2534;0.103084;0.0178937;-0.286439;0.191201;
33;0.25756;-0.246566;0.120256;0.0237833;-0.286886;0.201113;
34;0.25756;-0.246566;0.120256;0.0237833;-0.286886;0.201113;
35;0.25756;-0.246566;0.120256;0.0237833;-0.286886;0.201113;
36;0.266982;-0.234879;0.132089;0.03398;-0.286164;0.208864;
37;0.266982;-0.234879;0.132089;0.03398;-0.286164;0.208864;
38;0.282529;-0.23302;0.188956;0.039386;-0.288753;0.213246;
39;0.282529;-0.23302;0.188956;0.039386;-0.288753;0.213246;
40;0.283663;-0.22236;0.148107;0.0502406;-0.287193;0.212335;
41;0.283663;-0.22236;0.148107;0.0502406;-0.287193;0.212335;
42;0.283663;-0.22236;0.148107;0.0502406;-0.287193;0.212335;
43;0.289993;-0.209142;0.163077;0.0570321;-0.286298;0.213978;
44;0.289993;-0.209142;0.163077;0.0570321;-0.286298;0.213978;
45;0.300678;-0.206396;0.168312;0.0679791;-0.285986;0.216597;
46;0.300678;-0.206396;0.168312;0.0679791;-0.285986;0.216597;
47;0.297723;-0.208832;0.170647;0.0641977;-0.283449;0.222735;
48;0.297723;-0.208832;0.170647;0.0641977;-0.283449;0.222735;
49;0.320668;-0.197219;0.168005;0.0891521;-0.278319;0.219366;
50;0.320668;-0.197219;0.168005;0.0891521;-0.278319;0.219366;
51;0.320668;-0.197219;0.168005;0.0891521;-0.278319;0.219366;
52;0.310082;-0.201257;0.171869;0.0766803;-0.279647;0.218702;
53;0.310082;-0.201257;0.171869;0.0766803;-0.279647;0.218702;
54;0.317629;-0.189993;0.175294;0.0828127;-0.268111;0.214964;
55;0.317629;-0.189993;0.175294;0.0828127;-0.268111;0.214964;
56;0.307937;-0.170207;0.167608;0.077802;-0.26206;0.205237;
57;0.307937;-0.170207;0.167608;0.077802;-0.26206;0.205237;
58;0.307937;-0.170207;0.167608;0.077802;-0.26206;0.205237;
59;0.307937;-0.170207;0.167608;0.077802;-0.26206;0.205237;
60;0.305786;-0.159185;0.169932;0.0780176;-0.257176;0.206455;
61;0.329148;-0.176816;0.181986;0.0916955;-0.249962;0.214861;
62;0.329148;-0.176816;0.181986;0.0916955;-0.249962;0.214861;
63;0.338088;-0.159357;0.181822;0.105973;-0.24714;0.21692;
64;0.338088;-0.159357;0.181822;0.105973;-0.24714;0.21692;
65;0.338088;-0.159357;0.181822;0.105973;-0.24714;0.21692;
66;0.340462;-0.15364;0.190118;0.110571;-0.246021;0.227944;
67;0.340462;-0.15364;0.190118;0.110571;-0.246021;0.227944;
68;0.341746;-0.145368;0.201051;0.114421;-0.243242;0.240537;
69;0.341746;-0.145368;0.201051;0.114421;-0.243242;0.240537;
70;0.316734;-0.106619;0.304904;0.114263;-0.239531;0.240448;
71;0.316734;-0.106619;0.304904;0.114263;-0.239531;0.240448;
72;0.316734;-0.106619;0.304904;0.114263;-0.239531;0.240448;
73;0.297169;-0.0810903;0.325463;0.119121;-0.231084;0.232643;
74;0.293927;-0.0973527;0.32983;0.107652;-0.234953;0.234004;
75;0.293927;-0.0973527;0.32983;0.107652;-0.234953;0.234004;
76;0.293927;-0.0973527;0.32983;0.107652;-0.234953;0.234004;
77;0.352247;-0.164191;0.191918;0.116927;-0.235174;0.240913;
78;0.352247;-0.164191;0.191918;0.116927;-0.235174;0.240913;
79;0.352247;-0.164191;0.191918;0.116927;-0.235174;0.240913;
80;0.357251;-0.160014;0.189986;0.123693;-0.232802;0.244463;
81;0.365647;-0.141398;0.188018;0.136423;-0.225089;0.245175;
82;0.365647;-0.141398;0.188018;0.136423;-0.225089;0.245175;
83;0.365647;-0.141398;0.188018;0.136423;-0.225089;0.245175;
84;0.365647;-0.141398;0.188018;0.136423;-0.225089;0.245175;
85;0.373062;-0.118187;0.185088;0.148969;-0.213588;0.244211;
86;0.373062;-0.118187;0.185088;0.148969;-0.213588;0.244211;
87;0.38114;-0.108184;0.183615;0.158623;-0.206261;0.244296;
88;0.377178;-0.129114;0.188677;0.149294;-0.214301;0.248899;
89;0.377178;-0.129114;0.188677;0.149294;-0.214301;0.248899;
90;0.375267;-0.135833;0.188391;0.145662;-0.216836;0.247846;
91;0.375267;-0.135833;0.188391;0.145662;-0.216836;0.247846;
92;0.375267;-0.135833;0.188391;0.145662;-0.216836;0.247846;
93;0.375267;-0.135833;0.188391;0.145662;-0.216836;0.247846;
94;0.377253;-0.140742;0.187562;0.146159;-0.216252;0.248457;
95;0.380054;-0.142207;0.187102;0.149458;-0.217897;0.249641;
96;0.380054;-0.142207;0.187102;0.149458;-0.217897;0.249641;
97;0.384275;-0.134708;0.184665;0.155149;-0.215187;0.246626;
98;0.384275;-0.134708;0.184665;0.155149;-0.215187;0.246626;
99;0.384275;-0.134708;0.184665;0.155149;-0.215187;0.246626;

