   0.00000,   0.00000,   0.00000,   0.00000,   2.23670,   0.08595,  -0.05464,   0.45998,  -0.37615,  -0.89827,   0.32509,   0.98002,  -0.11911,   2.54034,   0.14321,  -0.10740,   0.00149
   1.00000,  -0.00015,  -0.00041,   0.00004,   2.23683,   0.08613,  -0.05389,   0.45776,  -0.37682,  -0.89624,   0.32473,   0.98755,  -0.12025,   2.54491,   0.14566,  -0.10246,   0.00130
   2.00000,  -0.00069,  -0.00132,   0.00021,   2.23224,   0.08442,  -0.04977,   0.45978,  -0.38863,  -0.89089,   0.32587,   1.01024,  -0.12208,   2.54744,   0.15510,  -0.09383,  -0.00016
   3.00000,  -0.00137,  -0.00233,   0.00052,   2.22739,   0.08379,  -0.04771,   0.46189,  -0.40021,  -0.88847,   0.31802,   1.03616,  -0.11767,   2.56238,   0.15655,  -0.08662,  -0.00002
   4.00000,  -0.00181,  -0.00277,   0.00059,   2.22393,   0.08315,  -0.04636,   0.46324,  -0.40717,  -0.88548,   0.31530,   1.05258,  -0.11751,   2.54771,   0.16047,  -0.07930,  -0.00105
   5.00000,  -0.00264,  -0.00364,   0.00071,   2.21974,   0.08187,  -0.04251,   0.46116,  -0.42059,  -0.87908,   0.30945,   1.08325,  -0.11174,   2.54854,   0.15234,  -0.06516,  -0.00080
   6.00000,  -0.00343,  -0.00435,   0.00078,   2.21871,   0.07981,  -0.03783,   0.45418,  -0.43892,  -0.87245,   0.31561,   1.12074,  -0.11081,   2.54143,   0.14219,  -0.05167,  -0.00065
   7.00000,  -0.00375,  -0.00467,   0.00081,   2.21728,   0.07767,  -0.03651,   0.45182,  -0.44757,  -0.86873,   0.32064,   1.14005,  -0.11333,   2.52798,   0.14550,  -0.04531,  -0.00009
   8.00000,  -0.00457,  -0.00550,   0.00086,   2.21231,   0.07311,  -0.03357,   0.44864,  -0.46581,  -0.85976,   0.32631,   1.17929,  -0.11423,   2.50713,   0.14749,  -0.03658,   0.00101
   9.00000,  -0.00556,  -0.00667,   0.00086,   2.20322,   0.06803,  -0.03179,   0.44795,  -0.48078,  -0.85117,   0.32733,   1.21667,  -0.10918,   2.49661,   0.14060,  -0.03166,   0.00170
  10.00000,  -0.00607,  -0.00727,   0.00082,   2.19951,   0.06659,  -0.03129,   0.44617,  -0.48997,  -0.84823,   0.32965,   1.23754,  -0.10545,   2.50003,   0.13860,  -0.02844,   0.00222
  11.00000,  -0.00701,  -0.00841,   0.00082,   2.19287,   0.06253,  -0.02942,   0.44085,  -0.50594,  -0.83984,   0.33939,   1.27720,  -0.10325,   2.50040,   0.13241,  -0.02263,   0.00309
  12.00000,  -0.00782,  -0.00938,   0.00077,   2.18767,   0.05839,  -0.02655,   0.43460,  -0.52623,  -0.83305,   0.35575,   1.31709,  -0.09980,   2.50298,   0.12689,  -0.01366,   0.00296
  13.00000,  -0.00819,  -0.00976,   0.00079,   2.18528,   0.05584,  -0.02514,   0.43107,  -0.53662,  -0.82915,   0.36731,   1.33572,  -0.09983,   2.50023,   0.11641,  -0.00186,   0.00262
  14.00000,  -0.00903,  -0.01054,   0.00073,   2.17708,   0.05121,  -0.02277,   0.42698,  -0.55576,  -0.81842,   0.38391,   1.36579,  -0.09403,   2.49720,   0.10359,   0.02050,   0.00191
  15.00000,  -0.00991,  -0.01135,   0.00075,   2.16602,   0.04652,  -0.02002,   0.42682,  -0.58095,  -0.80819,   0.40833,   1.39370,  -0.09562,   2.49473,   0.08995,   0.02660,   0.00233
  16.00000,  -0.01013,  -0.01172,   0.00075,   2.16516,   0.04345,  -0.01818,   0.42241,  -0.59532,  -0.80356,   0.41682,   1.40699,  -0.09059,   2.49978,   0.07908,   0.03259,   0.00213
  17.00000,  -0.01084,  -0.01254,   0.00065,   2.15735,   0.03830,  -0.01675,   0.42104,  -0.62545,  -0.79046,   0.43702,   1.43138,  -0.09059,   2.50141,   0.06384,   0.04987,   0.00217
  18.00000,  -0.01138,  -0.01308,   0.00061,   2.15638,   0.03554,  -0.01426,   0.41433,  -0.66344,  -0.78326,   0.46058,   1.45499,  -0.08850,   2.48984,   0.06410,   0.05882,   0.00210
  19.00000,  -0.01156,  -0.01328,   0.00068,   2.15597,   0.03375,  -0.01274,   0.41175,  -0.68408,  -0.77920,   0.47236,   1.46482,  -0.08658,   2.48102,   0.05199,   0.07607,   0.00179
  20.00000,  -0.01192,  -0.01353,   0.00085,   2.15445,   0.03066,  -0.01045,   0.40868,  -0.73163,  -0.77424,   0.49454,   1.48466,  -0.07423,   2.45273,   0.02573,   0.11523,   0.00106
  21.00000,  -0.01230,  -0.01346,   0.00117,   2.15688,   0.02767,  -0.00648,   0.40311,  -0.78942,  -0.77170,   0.53051,   1.50795,  -0.07387,   2.43701,   0.00420,   0.15275,   0.00020
  22.00000,  -0.01265,  -0.01342,   0.00135,   2.15704,   0.02677,  -0.00419,   0.40336,  -0.82285,  -0.77059,   0.55086,   1.51907,  -0.07509,   2.43087,  -0.01484,   0.16505,  -0.00071
  23.00000,  -0.01309,  -0.01301,   0.00170,   2.16177,   0.02476,   0.00024,   0.39831,  -0.88704,  -0.77280,   0.57915,   1.54000,  -0.06746,   2.43120,  -0.03478,   0.19061,  -0.00185
  24.00000,  -0.01316,  -0.01233,   0.00189,   2.16728,   0.02013,   0.00569,   0.38951,  -0.95386,  -0.77643,   0.62118,   1.56005,  -0.07268,   2.41687,  -0.04825,   0.21218,  -0.00280
  25.00000,  -0.01336,  -0.01196,   0.00198,   2.16830,   0.01859,   0.00865,   0.38669,  -0.98523,  -0.78012,   0.63491,   1.56817,  -0.06796,   2.41835,  -0.05548,   0.23523,  -0.00294
  26.00000,  -0.01384,  -0.01133,   0.00227,   2.17386,   0.01725,   0.01443,   0.37781,  -1.04955,  -0.78450,   0.67558,   1.58014,  -0.07187,   2.37992,  -0.07979,   0.28295,  -0.00510
  27.00000,  -0.01402,  -0.01105,   0.00242,   2.18079,   0.01550,   0.01738,   0.36989,  -1.11111,  -0.79745,   0.70895,   1.59159,  -0.06736,   2.33290,  -0.09904,   0.34132,  -0.00593
  28.00000,  -0.01441,  -0.00900,   0.00387,   2.18632,   0.00932,   0.03017,   0.35228,  -1.14001,  -0.81052,   0.74605,   1.59441,  -0.06732,   2.30850,  -0.11773,   0.36785,  -0.00701
  29.00000,  -0.01546,  -0.00740,   0.00498,   2.19694,   0.00709,   0.04296,   0.33418,  -1.19270,  -0.83418,   0.79047,   1.59626,  -0.06892,   2.26120,  -0.14433,   0.41284,  -0.00934
  30.00000,  -0.01590,  -0.00648,   0.00555,   2.20480,   0.00175,   0.05275,   0.31462,  -1.23610,  -0.85757,   0.83558,   1.59235,  -0.06858,   2.21522,  -0.17056,   0.44835,  -0.01054
  31.00000,  -0.01654,  -0.00589,   0.00573,   2.20971,   0.00133,   0.06021,   0.30344,  -1.25502,  -0.87355,   0.85943,   1.58665,  -0.07091,   2.19316,  -0.18187,   0.44381,  -0.01264
  32.00000,  -0.01656,  -0.00530,   0.00626,   2.21590,  -0.00289,   0.06630,   0.27948,  -1.28032,  -0.89504,   0.89928,   1.56683,  -0.07245,   2.16219,  -0.21698,   0.45693,  -0.01443
  33.00000,  -0.01686,  -0.00517,   0.00668,   2.21988,  -0.00290,   0.07221,   0.26229,  -1.30253,  -0.91665,   0.93416,   1.53819,  -0.07460,   2.14325,  -0.24094,   0.45229,  -0.01529
  34.00000,  -0.01713,  -0.00504,   0.00686,   2.22313,  -0.00318,   0.07622,   0.25385,  -1.31392,  -0.92686,   0.95214,   1.52023,  -0.07571,   2.13050,  -0.25998,   0.44795,  -0.01784
  35.00000,  -0.01699,  -0.00519,   0.00726,   2.21726,  -0.00741,   0.07797,   0.24608,  -1.33024,  -0.93953,   0.98813,   1.47846,  -0.07729,   2.11025,  -0.27651,   0.42730,  -0.01670
  36.00000,  -0.01553,  -0.00615,   0.00723,   2.21357,  -0.01641,   0.07096,   0.23485,  -1.34161,  -0.93819,   1.02254,   1.43038,  -0.07847,   2.08584,  -0.28931,   0.40878,  -0.01688
  37.00000,  -0.01538,  -0.00678,   0.00709,   2.21597,  -0.01569,   0.07002,   0.22999,  -1.34803,  -0.94129,   1.03881,   1.40542,  -0.08173,   2.06574,  -0.30401,   0.39556,  -0.02016
  38.00000,  -0.01455,  -0.00887,   0.00635,   2.21024,  -0.01464,   0.06123,   0.22560,  -1.35090,  -0.93864,   1.06341,   1.35642,  -0.08173,   2.03522,  -0.33047,   0.38801,  -0.01860
  39.00000,  -0.01436,  -0.01131,   0.00587,   2.20297,  -0.01074,   0.05173,   0.22532,  -1.35175,  -0.93287,   1.08810,   1.30859,  -0.08385,   2.01247,  -0.34570,   0.36826,  -0.01895
  40.00000,  -0.01434,  -0.01241,   0.00557,   2.19835,  -0.00925,   0.04756,   0.22398,  -1.34855,  -0.92985,   1.09570,   1.28586,  -0.07808,   2.00896,  -0.36096,   0.35985,  -0.01952
  41.00000,  -0.01474,  -0.01508,   0.00495,   2.18863,  -0.00146,   0.03846,   0.22635,  -1.34288,  -0.92153,   1.11716,   1.24260,  -0.08072,   2.01278,  -0.36686,   0.32036,  -0.01857
  42.00000,  -0.01545,  -0.01761,   0.00413,   2.17134,   0.00618,   0.03194,   0.23227,  -1.33186,  -0.91322,   1.13796,   1.21007,  -0.08131,   2.02765,  -0.36193,   0.29760,  -0.01757
  43.00000,  -0.01567,  -0.01881,   0.00394,   2.16930,   0.01061,   0.02812,   0.22864,  -1.32494,  -0.90874,   1.14761,   1.19865,  -0.08439,   2.03229,  -0.34426,   0.27583,  -0.01572
  44.00000,  -0.01659,  -0.02167,   0.00323,   2.15593,   0.02043,   0.01998,   0.23309,  -1.30974,  -0.89717,   1.15883,   1.18326,  -0.08483,   2.04070,  -0.30806,   0.25446,  -0.01317
  45.00000,  -0.01737,  -0.02452,   0.00231,   2.13871,   0.02828,   0.01237,   0.23929,  -1.27789,  -0.82668,   1.16894,   1.11784,  -0.09942,   2.05158,  -0.26980,   0.23757,  -0.00936
  46.00000,  -0.01755,  -0.02591,   0.00208,   2.13776,   0.03400,   0.00762,   0.23446,  -1.26200,  -0.81692,   1.17037,   1.10911,  -0.09940,   2.04994,  -0.26688,   0.22792,  -0.00995
  47.00000,  -0.01763,  -0.02903,   0.00175,   2.13129,   0.04484,  -0.00257,   0.22687,  -1.22914,  -0.79177,   1.17055,   1.09240,  -0.09563,   2.09005,  -0.27142,   0.22120,  -0.00909
  48.00000,  -0.01786,  -0.03148,   0.00135,   2.13450,   0.05848,  -0.00883,   0.20848,  -1.19414,  -0.76801,   1.17425,   1.08226,  -0.10321,   2.13278,  -0.26949,   0.21771,  -0.00939
  49.00000,  -0.01830,  -0.03318,   0.00128,   2.12583,   0.06687,  -0.01277,   0.21152,  -1.17199,  -0.75798,   1.16744,   1.07956,  -0.10452,   2.15031,  -0.26589,   0.21515,  -0.00982
  50.00000,  -0.01842,  -0.03611,   0.00098,   2.12241,   0.07958,  -0.01948,   0.20279,  -1.13327,  -0.73307,   1.16019,   1.07701,  -0.11371,   2.17675,  -0.24618,   0.21560,  -0.01017
  51.00000,  -0.01876,  -0.03905,   0.00065,   2.11323,   0.09598,  -0.02731,   0.20284,  -1.08760,  -0.71113,   1.12764,   1.07975,  -0.11044,   2.20151,  -0.21673,   0.22180,  -0.00701
  52.00000,  -0.01892,  -0.04062,   0.00072,   2.10524,   0.10493,  -0.03271,   0.20863,  -1.06261,  -0.69896,   1.10687,   1.07981,  -0.11100,   2.20878,  -0.19683,   0.22284,  -0.00571
  53.00000,  -0.01836,  -0.04311,   0.00052,   2.08911,   0.11329,  -0.04186,   0.21901,  -1.02027,  -0.67169,   1.06213,   1.08144,  -0.09890,   2.21386,  -0.16957,   0.23327,  -0.00398
  54.00000,  -0.01779,  -0.04541,   0.00039,   2.08030,   0.12477,  -0.04928,   0.22774,  -0.97394,  -0.64551,   1.01051,   1.07597,  -0.09128,   2.19564,  -0.14756,   0.24965,  -0.00169
  55.00000,  -0.01771,  -0.04612,   0.00030,   2.07567,   0.12882,  -0.05065,   0.23322,  -0.95111,  -0.63273,   0.99258,   1.06997,  -0.09382,   2.18066,  -0.14228,   0.25877,  -0.00184
  56.00000,  -0.01782,  -0.04743,  -0.00020,   2.06735,   0.14011,  -0.05036,   0.24376,  -0.90864,  -0.61497,   0.95131,   1.05955,  -0.09255,   2.15965,  -0.13324,   0.27474,  -0.00078
  57.00000,  -0.01729,  -0.04854,  -0.00073,   2.06921,   0.14823,  -0.05076,   0.24591,  -0.86498,  -0.59508,   0.90648,   1.04806,  -0.08814,   2.15278,  -0.13137,   0.29847,  -0.00030
  58.00000,  -0.01688,  -0.04893,  -0.00089,   2.07173,   0.15473,  -0.05104,   0.24564,  -0.84099,  -0.58855,   0.88466,   1.04236,  -0.09324,   2.12493,  -0.12730,   0.29933,  -0.00136
  59.00000,  -0.01629,  -0.05003,  -0.00127,   2.06834,   0.16272,  -0.05571,   0.25567,  -0.79212,  -0.57364,   0.82896,   1.03451,  -0.08792,   2.10595,  -0.12721,   0.32542,   0.00011
  60.00000,  -0.01542,  -0.05084,  -0.00143,   2.07410,   0.16933,  -0.06020,   0.25947,  -0.74383,  -0.56044,   0.77205,   1.02427,  -0.08506,   2.07737,  -0.11971,   0.33839,  -0.00032
  61.00000,  -0.01512,  -0.05133,  -0.00157,   2.07194,   0.17567,  -0.05370,   0.26827,  -0.73177,  -0.55999,   0.75460,   1.01724,  -0.08390,   2.06521,  -0.12366,   0.35052,  -0.00080
  62.00000,  -0.01380,  -0.05178,  -0.00185,   2.07819,   0.18186,  -0.05110,   0.27242,  -0.69247,  -0.55356,   0.70773,   1.00127,  -0.07641,   2.05062,  -0.13261,   0.36125,  -0.00008
  63.00000,  -0.01308,  -0.05227,  -0.00213,   2.07452,   0.18397,  -0.05305,   0.28666,  -0.64898,  -0.54361,   0.65984,   0.98346,  -0.07118,   2.04739,  -0.14043,   0.37112,   0.00038
  64.00000,  -0.01255,  -0.05250,  -0.00224,   2.08050,   0.19071,  -0.05204,   0.28598,  -0.62682,  -0.54393,   0.63675,   0.97420,  -0.07235,   2.05475,  -0.13811,   0.37303,   0.00157
  65.00000,  -0.01162,  -0.05278,  -0.00242,   2.08812,   0.19708,  -0.05240,   0.28636,  -0.58032,  -0.54181,   0.59276,   0.95931,  -0.07035,   2.06061,  -0.14121,   0.36363,   0.00153
  66.00000,  -0.01097,  -0.05303,  -0.00272,   2.08859,   0.20121,  -0.04931,   0.29287,  -0.54413,  -0.54062,   0.56216,   0.94538,  -0.07151,   2.07477,  -0.12493,   0.37794,   0.00103
  67.00000,  -0.01051,  -0.05315,  -0.00285,   2.09424,   0.20363,  -0.05067,   0.29138,  -0.52443,  -0.54103,   0.54302,   0.93974,  -0.07040,   2.07600,  -0.12535,   0.38586,   0.00239
  68.00000,  -0.00993,  -0.05347,  -0.00288,   2.09797,   0.20866,  -0.05340,   0.29646,  -0.48652,  -0.54374,   0.50450,   0.92883,  -0.06812,   2.08407,  -0.11927,   0.38778,   0.00344
  69.00000,  -0.00915,  -0.05363,  -0.00302,   2.10502,   0.21466,  -0.04976,   0.29962,  -0.46056,  -0.55158,   0.48380,   0.91656,  -0.06594,   2.08106,  -0.11626,   0.39550,   0.00335
  70.00000,  -0.00910,  -0.05375,  -0.00312,   2.10164,   0.21649,  -0.05196,   0.30813,  -0.44546,  -0.55386,   0.47323,   0.90672,  -0.06763,   2.09034,  -0.11268,   0.37998,   0.00349
  71.00000,  -0.00866,  -0.05372,  -0.00331,   2.10361,   0.21895,  -0.05221,   0.31713,  -0.42237,  -0.55778,   0.46000,   0.89378,  -0.07087,   2.10477,  -0.11671,   0.38921,   0.00353
  72.00000,  -0.00859,  -0.05367,  -0.00349,   2.10559,   0.22312,  -0.05204,   0.32452,  -0.39566,  -0.56258,   0.43542,   0.87420,  -0.06763,   2.12187,  -0.10859,   0.37947,   0.00434
  73.00000,  -0.00850,  -0.05354,  -0.00355,   2.10729,   0.22459,  -0.05195,   0.32728,  -0.38501,  -0.56669,   0.42574,   0.86605,  -0.06462,   2.12463,  -0.10719,   0.38106,   0.00505
  74.00000,  -0.00812,  -0.05322,  -0.00361,   2.11514,   0.22215,  -0.04165,   0.32903,  -0.38280,  -0.56794,   0.42748,   0.85031,  -0.06137,   2.12215,  -0.11011,   0.38151,   0.00562
  75.00000,  -0.00806,  -0.05304,  -0.00382,   2.11573,   0.22424,  -0.04140,   0.33726,  -0.36932,  -0.57202,   0.41492,   0.83569,  -0.05864,   2.12902,  -0.10795,   0.38269,   0.00618
  76.00000,  -0.00786,  -0.05281,  -0.00389,   2.11949,   0.22483,  -0.04052,   0.33854,  -0.36468,  -0.57236,   0.41621,   0.82997,  -0.06449,   2.12025,  -0.10200,   0.37349,   0.00561
  77.00000,  -0.00755,  -0.05244,  -0.00403,   2.12392,   0.22126,  -0.03667,   0.34182,  -0.35832,  -0.57074,   0.41516,   0.81606,  -0.06462,   2.11669,  -0.10027,   0.37140,   0.00598
  78.00000,  -0.00734,  -0.05198,  -0.00412,   2.12611,   0.21982,  -0.03412,   0.34756,  -0.35328,  -0.57125,   0.41359,   0.80214,  -0.06471,   2.10877,  -0.10191,   0.36951,   0.00653
  79.00000,  -0.00727,  -0.05183,  -0.00415,   2.12542,   0.21909,  -0.03409,   0.35180,  -0.34721,  -0.57154,   0.40281,   0.79412,  -0.05825,   2.10916,  -0.10360,   0.36455,   0.00666
  80.00000,  -0.00720,  -0.05135,  -0.00426,   2.12623,   0.21806,  -0.03274,   0.35807,  -0.33837,  -0.57073,   0.38760,   0.77772,  -0.04981,   2.10168,  -0.11421,   0.36359,   0.00708
  81.00000,  -0.00715,  -0.05107,  -0.00428,   2.12621,   0.21664,  -0.03278,   0.36467,  -0.33198,  -0.56919,   0.37789,   0.76590,  -0.04729,   2.09949,  -0.10880,   0.35794,   0.00527
  82.00000,  -0.00724,  -0.05061,  -0.00446,   2.12978,   0.21646,  -0.02984,   0.36493,  -0.33418,  -0.56833,   0.37952,   0.75905,  -0.04664,   2.09796,  -0.11375,   0.35999,   0.00654
  83.00000,  -0.00668,  -0.05018,  -0.00443,   2.14130,   0.21579,  -0.02908,   0.35930,  -0.32636,  -0.56688,   0.36684,   0.74585,  -0.04235,   2.09120,  -0.11633,   0.35627,   0.00583
  84.00000,  -0.00667,  -0.04988,  -0.00442,   2.14167,   0.21585,  -0.02955,   0.36432,  -0.31720,  -0.56454,   0.35758,   0.73176,  -0.04100,   2.08500,  -0.12598,   0.35972,   0.00634
  85.00000,  -0.00654,  -0.04958,  -0.00445,   2.14709,   0.21624,  -0.02770,   0.36139,  -0.31599,  -0.56281,   0.36315,   0.72567,  -0.04741,   2.07832,  -0.12257,   0.35177,   0.00572
  86.00000,  -0.00666,  -0.04935,  -0.00456,   2.14568,   0.21627,  -0.02848,   0.36802,  -0.31030,  -0.56116,   0.34952,   0.71311,  -0.04335,   2.08079,  -0.12230,   0.34746,   0.00694
  87.00000,  -0.00662,  -0.04943,  -0.00453,   2.14599,   0.21769,  -0.03164,   0.37289,  -0.30515,  -0.56398,   0.33381,   0.70552,  -0.03497,   2.07771,  -0.12051,   0.34347,   0.00636
  88.00000,  -0.00664,  -0.04946,  -0.00450,   2.14558,   0.21807,  -0.03300,   0.37614,  -0.30271,  -0.56366,   0.32973,   0.70062,  -0.03556,   2.07539,  -0.12283,   0.34416,   0.00635
  89.00000,  -0.00658,  -0.04942,  -0.00448,   2.14614,   0.21842,  -0.03628,   0.38065,  -0.29480,  -0.56129,   0.31334,   0.69008,  -0.03314,   2.07165,  -0.12851,   0.34527,   0.00649
  90.00000,  -0.00637,  -0.04913,  -0.00452,   2.15409,   0.22004,  -0.03692,   0.37747,  -0.29150,  -0.55999,   0.30041,   0.68330,  -0.03020,   2.06160,  -0.13468,   0.34583,   0.00663
  91.00000,  -0.00627,  -0.04893,  -0.00454,   2.15806,   0.22110,  -0.03654,   0.37591,  -0.29115,  -0.56038,   0.29298,   0.68038,  -0.02683,   2.06228,  -0.13776,   0.34682,   0.00693
  92.00000,  -0.00622,  -0.04870,  -0.00450,   2.15970,   0.22269,  -0.03724,   0.37912,  -0.29416,  -0.56111,   0.28991,   0.68041,  -0.02729,   2.06145,  -0.14243,   0.35471,   0.00758
  93.00000,  -0.00613,  -0.04848,  -0.00453,   2.16190,   0.22429,  -0.04003,   0.38150,  -0.29154,  -0.56311,   0.28023,   0.67970,  -0.02372,   2.07198,  -0.14301,   0.34694,   0.00728
  94.00000,  -0.00600,  -0.04833,  -0.00450,   2.16589,   0.22528,  -0.04012,   0.37975,  -0.29107,  -0.56501,   0.27768,   0.67992,  -0.02216,   2.07669,  -0.14129,   0.34280,   0.00724
  95.00000,  -0.00569,  -0.04803,  -0.00439,   2.17414,   0.22684,  -0.04048,   0.37593,  -0.29143,  -0.56468,   0.28258,   0.68034,  -0.02936,   2.07914,  -0.13507,   0.34139,   0.00694
  96.00000,  -0.00574,  -0.04798,  -0.00433,   2.17298,   0.22900,  -0.04347,   0.38060,  -0.28670,  -0.56838,   0.27207,   0.67867,  -0.02166,   2.08812,  -0.14336,   0.34671,   0.00609
  97.00000,  -0.00556,  -0.04787,  -0.00432,   2.17860,   0.23022,  -0.04411,   0.37683,  -0.28441,  -0.56926,   0.27304,   0.67825,  -0.02463,   2.08694,  -0.14221,   0.34151,   0.00614
  98.00000,  -0.00554,  -0.04775,  -0.00423,   2.17628,   0.23084,  -0.04536,   0.38238,  -0.28549,  -0.56990,   0.27804,   0.67836,  -0.02758,   2.09282,  -0.14295,   0.34274,   0.00814
  99.00000,  -0.00557,  -0.04769,  -0.00416,   2.17117,   0.23084,  -0.04858,   0.39012,  -0.28451,  -0.56969,   0.27815,   0.67820,  -0.02865,   2.10199,  -0.14853,   0.34362,   0.00892
   0.00000,   0.00000,   0.00000,   0.00000,   2.23926,   0.03331,  -0.20105,   0.05466,   0.24910,  -0.73008,   0.42023,   1.07833,  -0.38405,   2.08878,   0.09061,   0.14156,  -0.00742
   1.00000,   0.00000,   0.00000,   0.00000,   2.23926,   0.03331,  -0.20105,   0.05466,   0.24910,  -0.73008,   0.42023,   1.07833,  -0.38405,   2.08878,   0.09061,   0.14156,  -0.00742
   2.00000,  -0.00003,  -0.00022,  -0.00005,   2.23667,   0.03214,  -0.20060,   0.05671,   0.24727,  -0.72714,   0.41516,   1.08645,  -0.38484,   2.09688,   0.09962,   0.14849,  -0.00845
   3.00000,   0.00006,  -0.00037,  -0.00004,   2.23801,   0.03164,  -0.19962,   0.05495,   0.24610,  -0.72590,   0.40552,   1.09270,  -0.37872,   2.10268,   0.10030,   0.15293,  -0.00835
   4.00000,   0.00017,  -0.00048,  -0.00001,   2.24091,   0.03170,  -0.19874,   0.05166,   0.24369,  -0.72359,   0.39948,   1.10297,  -0.37793,   2.12029,   0.10976,   0.15935,  -0.00988
   5.00000,   0.00023,  -0.00063,  -0.00004,   2.24157,   0.03113,  -0.19784,   0.05059,   0.24107,  -0.72109,   0.39267,   1.11502,  -0.37637,   2.13241,   0.11836,   0.16613,  -0.01116
   6.00000,   0.00021,  -0.00084,  -0.00005,   2.24291,   0.03151,  -0.19739,   0.04944,   0.23559,  -0.71913,   0.38679,   1.12849,  -0.37489,   2.14602,   0.12196,   0.17018,  -0.01178
   7.00000,   0.00025,  -0.00101,  -0.00009,   2.24314,   0.03142,  -0.19722,   0.04888,   0.23186,  -0.71675,   0.38058,   1.14121,  -0.37415,   2.16102,   0.12838,   0.16714,  -0.01312
   8.00000,   0.00026,  -0.00118,  -0.00009,   2.24452,   0.03145,  -0.19676,   0.04757,   0.22680,  -0.71457,   0.36989,   1.15741,  -0.36755,   2.16583,   0.13979,   0.18056,  -0.01528
   9.00000,   0.00022,  -0.00140,  -0.00005,   2.24390,   0.03074,  -0.19628,   0.04827,   0.22151,  -0.71083,   0.36254,   1.17223,  -0.36544,   2.17101,   0.14352,   0.18736,  -0.01627
  10.00000,  -0.00002,  -0.00127,  -0.00002,   2.24371,   0.03012,  -0.19395,   0.04836,   0.21315,  -0.70565,   0.36008,   1.18736,  -0.36508,   2.16450,   0.14814,   0.19430,  -0.01649
  11.00000,   0.00004,  -0.00143,   0.00001,   2.24287,   0.02908,  -0.19377,   0.04863,   0.20540,  -0.69973,   0.35662,   1.20434,  -0.36384,   2.16565,   0.14155,   0.20769,  -0.01612
  12.00000,   0.00003,  -0.00165,   0.00008,   2.24246,   0.02879,  -0.19356,   0.04925,   0.19962,  -0.69454,   0.34875,   1.22099,  -0.35914,   2.16213,   0.14015,   0.22230,  -0.01650
  13.00000,   0.00044,  -0.00111,   0.00058,   2.24217,   0.02413,  -0.19236,   0.04545,   0.19677,  -0.68462,   0.34323,   1.23773,  -0.35313,   2.16036,   0.13028,   0.24174,  -0.01618
  14.00000,   0.00068,  -0.00093,   0.00083,   2.24244,   0.02036,  -0.18818,   0.04322,   0.18764,  -0.67377,   0.34405,   1.25335,  -0.34784,   2.15551,   0.11489,   0.25781,  -0.01405
  15.00000,   0.00061,  -0.00125,   0.00071,   2.24442,   0.02262,  -0.19029,   0.04232,   0.18519,  -0.67009,   0.34145,   1.26709,  -0.34767,   2.14804,   0.09991,   0.27035,  -0.01213
  16.00000,   0.00056,  -0.00151,   0.00064,   2.24588,   0.02325,  -0.18945,   0.04167,   0.17935,  -0.66368,   0.34560,   1.28099,  -0.34884,   2.14968,   0.08607,   0.28819,  -0.01066
  17.00000,   0.00050,  -0.00203,   0.00029,   2.24729,   0.02505,  -0.18989,   0.04175,   0.17554,  -0.65970,   0.34099,   1.29321,  -0.34169,   2.15286,   0.07791,   0.29285,  -0.01003
  18.00000,   0.00074,  -0.00252,   0.00038,   2.24819,   0.02508,  -0.19152,   0.04088,   0.17259,  -0.65180,   0.34703,   1.30589,  -0.34692,   2.16124,   0.06849,   0.29577,  -0.00828
  19.00000,   0.00087,  -0.00265,   0.00050,   2.24930,   0.02434,  -0.19115,   0.03902,   0.16691,  -0.64481,   0.35377,   1.31962,  -0.34332,   2.17376,   0.06081,   0.29873,  -0.00697
  20.00000,   0.00101,  -0.00275,   0.00047,   2.24811,   0.02203,  -0.19054,   0.03837,   0.16638,  -0.63468,   0.35701,   1.32813,  -0.34046,   2.19075,   0.04968,   0.28750,  -0.00496
  21.00000,   0.00106,  -0.00289,   0.00051,   2.24859,   0.02115,  -0.19036,   0.03673,   0.16752,  -0.62513,   0.34020,   1.33549,  -0.31995,   2.21020,   0.04473,   0.27737,  -0.00410
  22.00000,   0.00112,  -0.00294,   0.00053,   2.24885,   0.01995,  -0.19019,   0.03501,   0.16664,  -0.61588,   0.34976,   1.34245,  -0.32012,   2.22561,   0.02381,   0.27595,  -0.00191
  23.00000,   0.00115,  -0.00299,   0.00052,   2.24838,   0.01865,  -0.18985,   0.03403,   0.16937,  -0.60671,   0.34922,   1.35028,  -0.31355,   2.23252,   0.02214,   0.27169,  -0.00155
  24.00000,   0.00111,  -0.00264,   0.00038,   2.24827,   0.01663,  -0.18697,   0.03139,   0.16600,  -0.59520,   0.36197,   1.35663,  -0.31182,   2.23339,   0.01284,   0.27695,  -0.00080
  25.00000,   0.00108,  -0.00280,   0.00035,   2.24641,   0.01594,  -0.18677,   0.03176,   0.17178,  -0.58842,   0.36624,   1.35787,  -0.30759,   2.22978,   0.00112,   0.27724,  -0.00006
  26.00000,   0.00108,  -0.00280,   0.00035,   2.24641,   0.01594,  -0.18677,   0.03176,   0.17178,  -0.58842,   0.36624,   1.35787,  -0.30759,   2.22978,   0.00112,   0.27724,  -0.00006
  27.00000,   0.00114,  -0.00288,   0.00035,   2.24638,   0.01584,  -0.18652,   0.03027,   0.16911,  -0.57833,   0.38241,   1.36557,  -0.30889,   2.23463,  -0.00730,   0.28342,   0.00034
  28.00000,   0.00115,  -0.00305,   0.00039,   2.24412,   0.01538,  -0.18651,   0.03108,   0.17711,  -0.57145,   0.39543,   1.36738,  -0.31229,   2.22743,  -0.02192,   0.29496,   0.00099
  29.00000,   0.00120,  -0.00319,   0.00040,   2.24348,   0.01535,  -0.18649,   0.03060,   0.17992,  -0.56419,   0.40148,   1.37026,  -0.30347,   2.22524,  -0.03459,   0.30963,   0.00156
  30.00000,   0.00124,  -0.00330,   0.00036,   2.24277,   0.01533,  -0.18612,   0.03032,   0.18111,  -0.55655,   0.42018,   1.37113,  -0.30546,   2.21839,  -0.05010,   0.31928,   0.00215
  31.00000,   0.00132,  -0.00347,   0.00030,   2.24155,   0.01526,  -0.18572,   0.03090,   0.18280,  -0.54753,   0.44019,   1.37117,  -0.31150,   2.21279,  -0.05603,   0.32693,   0.00258
  32.00000,   0.00138,  -0.00368,   0.00028,   2.24016,   0.01553,  -0.18543,   0.03186,   0.17762,  -0.53921,   0.46730,   1.36774,  -0.31912,   2.20537,  -0.05234,   0.32982,   0.00205
  33.00000,   0.00150,  -0.00394,   0.00024,   2.23884,   0.01468,  -0.18322,   0.03295,   0.18000,  -0.52951,   0.47683,   1.36437,  -0.31322,   2.19950,  -0.05932,   0.34016,   0.00237
  34.00000,   0.00161,  -0.00414,   0.00022,   2.23954,   0.01578,  -0.18255,   0.03221,   0.18356,  -0.52227,   0.47987,   1.35873,  -0.30105,   2.19242,  -0.06870,   0.34978,   0.00306
  35.00000,   0.00187,  -0.00428,   0.00018,   2.23987,   0.01580,  -0.18263,   0.03088,   0.18881,  -0.51251,   0.50709,   1.35448,  -0.31672,   2.18260,  -0.07376,   0.35867,   0.00374
  36.00000,   0.00197,  -0.00454,   0.00021,   2.23694,   0.01595,  -0.18269,   0.03356,   0.19313,  -0.50458,   0.51745,   1.34390,  -0.31324,   2.17624,  -0.08214,   0.36281,   0.00415
  37.00000,   0.00206,  -0.00476,   0.00024,   2.23590,   0.01799,  -0.18553,   0.03437,   0.19899,  -0.49714,   0.54385,   1.33336,  -0.33242,   2.16261,  -0.08397,   0.36523,   0.00456
  38.00000,   0.00252,  -0.00534,   0.00027,   2.23572,   0.01893,  -0.18773,   0.03438,   0.20454,  -0.48931,   0.56358,   1.32227,  -0.34308,   2.15256,  -0.08509,   0.36379,   0.00518
  39.00000,   0.00230,  -0.00524,   0.00026,   2.23303,   0.01923,  -0.18486,   0.03714,   0.20520,  -0.48177,   0.58840,   1.30347,  -0.34762,   2.14118,  -0.09570,   0.36721,   0.00619
  40.00000,   0.00245,  -0.00547,   0.00027,   2.23313,   0.02027,  -0.18528,   0.03757,   0.20983,  -0.47410,   0.60459,   1.28968,  -0.35169,   2.13772,  -0.09623,   0.38204,   0.00711
  41.00000,   0.00274,  -0.00608,   0.00026,   2.23294,   0.02199,  -0.18756,   0.03868,   0.21830,  -0.46837,   0.61714,   1.26944,  -0.35723,   2.12903,  -0.09442,   0.38091,   0.00760
  42.00000,   0.00297,  -0.00632,   0.00021,   2.23366,   0.02298,  -0.18858,   0.03822,   0.22442,  -0.46049,   0.63472,   1.24914,  -0.36659,   2.11940,  -0.09321,   0.38081,   0.00790
  43.00000,   0.00292,  -0.00636,   0.00015,   2.23249,   0.02388,  -0.18739,   0.04000,   0.22707,  -0.45230,   0.65196,   1.22662,  -0.37190,   2.11334,  -0.09561,   0.37894,   0.00879
  44.00000,   0.00306,  -0.00672,   0.00009,   2.23120,   0.02520,  -0.18814,   0.04222,   0.23113,  -0.44590,   0.66729,   1.20401,  -0.37845,   2.10455,  -0.09825,   0.37652,   0.00909
  45.00000,   0.00316,  -0.00694,   0.00003,   2.23000,   0.02704,  -0.18752,   0.04410,   0.23377,  -0.43876,   0.68251,   1.18004,  -0.38504,   2.09880,  -0.09663,   0.36732,   0.00926
  46.00000,   0.00355,  -0.00729,  -0.00007,   2.23275,   0.02948,  -0.18879,   0.04160,   0.24280,  -0.43278,   0.68638,   1.15434,  -0.38427,   2.09279,  -0.10971,   0.36360,   0.01065
  47.00000,   0.00406,  -0.00773,  -0.00022,   2.23259,   0.03049,  -0.19063,   0.04140,   0.25194,  -0.42604,   0.69140,   1.13096,  -0.38346,   2.07073,  -0.14739,   0.36521,   0.01474
  48.00000,   0.00405,  -0.00772,  -0.00038,   2.23075,   0.03042,  -0.18558,   0.04307,   0.24563,  -0.41701,   0.71059,   1.10867,  -0.38542,   2.07561,  -0.13945,   0.36483,   0.01419
  49.00000,   0.00437,  -0.00817,  -0.00047,   2.23155,   0.03378,  -0.18998,   0.04267,   0.25533,  -0.41362,   0.70837,   1.08755,  -0.38666,   2.08245,  -0.12947,   0.35144,   0.01320
  50.00000,   0.00513,  -0.00778,   0.00002,   2.23161,   0.03167,  -0.18991,   0.03848,   0.26733,  -0.40408,   0.70535,   1.06714,  -0.38321,   2.08304,  -0.14108,   0.34142,   0.01434
  51.00000,   0.00513,  -0.00778,   0.00002,   2.23161,   0.03167,  -0.18991,   0.03848,   0.26733,  -0.40408,   0.70535,   1.06714,  -0.38321,   2.08304,  -0.14108,   0.34142,   0.01434
  52.00000,   0.00481,  -0.00904,  -0.00077,   2.23189,   0.04070,  -0.19258,   0.04404,   0.26263,  -0.40613,   0.71388,   1.04680,  -0.38898,   2.09157,  -0.14759,   0.32870,   0.01519
  53.00000,   0.00528,  -0.00952,  -0.00092,   2.23242,   0.04313,  -0.19599,   0.04400,   0.26776,  -0.40314,   0.71722,   1.02873,  -0.39331,   2.08986,  -0.16560,   0.31995,   0.01612
  54.00000,   0.00553,  -0.00986,  -0.00109,   2.23265,   0.04602,  -0.19761,   0.04512,   0.27331,  -0.40013,   0.71141,   1.00873,  -0.38919,   2.09248,  -0.18232,   0.31250,   0.01755
  55.00000,   0.00588,  -0.01029,  -0.00135,   2.23269,   0.04820,  -0.19956,   0.04643,   0.27629,  -0.39691,   0.71799,   0.99119,  -0.39604,   2.09979,  -0.17837,   0.31151,   0.01576
  56.00000,   0.00604,  -0.01083,  -0.00154,   2.23308,   0.05143,  -0.20181,   0.04901,   0.28157,  -0.39496,   0.71201,   0.97105,  -0.39309,   2.09422,  -0.19035,   0.28907,   0.01693
  57.00000,   0.00650,  -0.01123,  -0.00179,   2.23576,   0.05374,  -0.20487,   0.04801,   0.28887,  -0.39258,   0.70803,   0.95463,  -0.39569,   2.10765,  -0.18432,   0.28691,   0.01524
  58.00000,   0.00700,  -0.01161,  -0.00208,   2.23741,   0.05662,  -0.20784,   0.04713,   0.29586,  -0.39109,   0.70782,   0.94033,  -0.40195,   2.11140,  -0.19257,   0.28716,   0.01557
  59.00000,   0.00710,  -0.01202,  -0.00235,   2.23764,   0.06042,  -0.20943,   0.04908,   0.29441,  -0.38998,   0.71183,   0.92680,  -0.40350,   2.11163,  -0.20506,   0.28126,   0.01680
  60.00000,   0.00751,  -0.01228,  -0.00251,   2.24030,   0.06281,  -0.21090,   0.04735,   0.30019,  -0.38770,   0.70205,   0.91666,  -0.40075,   2.12553,  -0.19133,   0.28734,   0.01564
  61.00000,   0.00762,  -0.01264,  -0.00261,   2.24135,   0.06693,  -0.21220,   0.04811,   0.29913,  -0.38762,   0.71095,   0.90777,  -0.41282,   2.15555,  -0.14975,   0.28472,   0.01458
  62.00000,   0.00802,  -0.01282,  -0.00281,   2.24596,   0.07092,  -0.21361,   0.04405,   0.30293,  -0.38639,   0.69766,   0.90072,  -0.40794,   2.19553,  -0.11386,   0.28353,   0.01277
  63.00000,   0.00842,  -0.01302,  -0.00300,   2.24622,   0.07334,  -0.21579,   0.04396,   0.30643,  -0.38618,   0.69587,   0.89585,  -0.41233,   2.22752,  -0.08070,   0.27752,   0.01024
  64.00000,   0.00879,  -0.01320,  -0.00320,   2.24647,   0.07475,  -0.21752,   0.04410,   0.31456,  -0.38368,   0.68265,   0.88658,  -0.41006,   2.26127,  -0.04804,   0.27551,   0.00672
  65.00000,   0.00912,  -0.01326,  -0.00342,   2.24816,   0.07700,  -0.21814,   0.04244,   0.31977,  -0.38143,   0.67739,   0.85373,  -0.38614,   2.06732,  -0.27908,   0.22438,   0.02047
  66.00000,   0.00933,  -0.01341,  -0.00363,   2.25253,   0.08115,  -0.21873,   0.03934,   0.31931,  -0.38130,   0.67540,   0.84512,  -0.38570,   2.07168,  -0.27181,   0.22480,   0.02007
  67.00000,   0.00955,  -0.01336,  -0.00364,   2.25501,   0.08402,  -0.21880,   0.03711,   0.32125,  -0.37868,   0.67231,   0.83677,  -0.38874,   2.08167,  -0.26285,   0.22598,   0.01846
  68.00000,   0.00980,  -0.01379,  -0.00391,   2.25749,   0.08788,  -0.22092,   0.03646,   0.32354,  -0.37938,   0.66263,   0.83118,  -0.38794,   2.10690,  -0.23813,   0.22956,   0.01892
  69.00000,   0.01016,  -0.01388,  -0.00395,   2.26150,   0.09126,  -0.22202,   0.03295,   0.32794,  -0.37769,   0.65793,   0.82318,  -0.39346,   2.12549,  -0.21158,   0.23684,   0.01894
  70.00000,   0.01038,  -0.01401,  -0.00404,   2.26168,   0.09448,  -0.22313,   0.03305,   0.32894,  -0.37631,   0.65027,   0.81790,  -0.39565,   2.14568,  -0.19329,   0.24026,   0.01940
  71.00000,   0.01072,  -0.01409,  -0.00415,   2.26506,   0.09858,  -0.22455,   0.02986,   0.33039,  -0.37511,   0.64305,   0.81106,  -0.39836,   2.16867,  -0.17449,   0.24255,   0.01927
  72.00000,   0.01116,  -0.01415,  -0.00429,   2.26668,   0.10082,  -0.22642,   0.02791,   0.33807,  -0.37388,   0.63105,   0.80753,  -0.40115,   2.18271,  -0.14812,   0.25558,   0.01768
  73.00000,   0.01141,  -0.01435,  -0.00438,   2.26536,   0.10270,  -0.22741,   0.02965,   0.34165,  -0.37344,   0.61393,   0.78886,  -0.38213,   2.07517,  -0.27901,   0.22888,   0.00870
  74.00000,   0.01150,  -0.01423,  -0.00450,   2.26904,   0.10608,  -0.22566,   0.02692,   0.33467,  -0.37195,   0.61650,   0.78280,  -0.38352,   2.06400,  -0.28105,   0.22127,   0.00738
  75.00000,   0.01171,  -0.01443,  -0.00460,   2.27030,   0.10938,  -0.22611,   0.02654,   0.33329,  -0.37199,   0.61476,   0.77885,  -0.38625,   2.06589,  -0.27302,   0.22625,   0.00672
  76.00000,   0.01171,  -0.01443,  -0.00460,   2.27030,   0.10938,  -0.22611,   0.02654,   0.33329,  -0.37199,   0.61476,   0.77885,  -0.38625,   2.06589,  -0.27302,   0.22625,   0.00672
  77.00000,   0.01191,  -0.01466,  -0.00467,   2.27207,   0.11274,  -0.22690,   0.02602,   0.33702,  -0.37290,   0.60257,   0.77588,  -0.38315,   2.08565,  -0.25987,   0.22940,   0.00959
  78.00000,   0.01223,  -0.01500,  -0.00477,   2.27280,   0.11503,  -0.22858,   0.02618,   0.33876,  -0.37335,   0.59665,   0.77438,  -0.38485,   2.09917,  -0.24452,   0.23244,   0.01110
  79.00000,   0.01272,  -0.01543,  -0.00493,   2.27374,   0.11711,  -0.23111,   0.02611,   0.34632,  -0.37515,   0.58135,   0.77165,  -0.38042,   2.11770,  -0.23535,   0.23685,   0.01349
  80.00000,   0.01308,  -0.01554,  -0.00505,   2.27581,   0.11902,  -0.23114,   0.02416,   0.34453,  -0.37459,   0.58432,   0.76186,  -0.38081,   2.07710,  -0.28399,   0.20668,   0.00679
  81.00000,   0.01333,  -0.01539,  -0.00527,   2.27964,   0.12057,  -0.22964,   0.02027,   0.34296,  -0.37390,   0.58274,   0.75920,  -0.37891,   2.07731,  -0.28418,   0.20540,   0.00732
  82.00000,   0.01345,  -0.01577,  -0.00541,   2.28172,   0.12409,  -0.23007,   0.02027,   0.33774,  -0.37575,   0.58894,   0.75625,  -0.38325,   2.07542,  -0.28519,   0.20592,   0.00617
  83.00000,   0.01386,  -0.01614,  -0.00562,   2.28298,   0.12565,  -0.23123,   0.01982,   0.34147,  -0.37679,   0.58241,   0.75243,  -0.38165,   2.07585,  -0.29272,   0.20033,   0.00709
  84.00000,   0.01389,  -0.01648,  -0.00571,   2.28292,   0.12830,  -0.23160,   0.02198,   0.33802,  -0.37858,   0.58359,   0.75033,  -0.38247,   2.07158,  -0.29237,   0.20372,   0.00688
  85.00000,   0.01408,  -0.01680,  -0.00585,   2.28298,   0.13016,  -0.23208,   0.02332,   0.33525,  -0.37953,   0.58427,   0.74791,  -0.38352,   2.07029,  -0.29761,   0.20196,   0.00649
  86.00000,   0.01435,  -0.01697,  -0.00593,   2.28549,   0.13231,  -0.23221,   0.02157,   0.33529,  -0.38097,   0.58092,   0.74600,  -0.38213,   2.07025,  -0.30020,   0.19936,   0.00573
  87.00000,   0.01444,  -0.01725,  -0.00590,   2.28520,   0.13415,  -0.23226,   0.02307,   0.33276,  -0.38254,   0.57740,   0.74416,  -0.37860,   2.07476,  -0.30463,   0.19422,   0.00517
  88.00000,   0.01453,  -0.01746,  -0.00597,   2.28517,   0.13440,  -0.22852,   0.02423,   0.32272,  -0.38098,   0.58834,   0.74303,  -0.38092,   2.07578,  -0.30591,   0.19347,   0.00416
  89.00000,   0.01475,  -0.01769,  -0.00600,   2.28428,   0.13581,  -0.23040,   0.02557,   0.32512,  -0.38294,   0.58293,   0.74346,  -0.38014,   2.08857,  -0.30417,   0.19320,   0.00500
  90.00000,   0.01497,  -0.01785,  -0.00609,   2.28647,   0.13705,  -0.22890,   0.02380,   0.32191,  -0.38311,   0.58741,   0.74179,  -0.38226,   2.10039,  -0.30277,   0.18350,   0.00499
  91.00000,   0.01517,  -0.01808,  -0.00620,   2.28508,   0.13720,  -0.22844,   0.02531,   0.32202,  -0.38388,   0.58771,   0.74077,  -0.38153,   2.11381,  -0.30268,   0.17870,   0.00455
  92.00000,   0.01529,  -0.01835,  -0.00623,   2.28545,   0.13845,  -0.22760,   0.02555,   0.32186,  -0.38540,   0.58895,   0.73878,  -0.38117,   2.12687,  -0.30316,   0.17615,   0.00448
  93.00000,   0.01543,  -0.01862,  -0.00628,   2.28445,   0.13895,  -0.22744,   0.02662,   0.32441,  -0.38702,   0.58815,   0.73551,  -0.37995,   2.13780,  -0.30642,   0.16844,   0.00435
  94.00000,   0.01559,  -0.01885,  -0.00633,   2.28643,   0.13999,  -0.22662,   0.02480,   0.32580,  -0.38867,   0.58995,   0.73296,  -0.37958,   2.14013,  -0.30806,   0.16603,   0.00386
  95.00000,   0.01569,  -0.01907,  -0.00636,   2.28481,   0.13998,  -0.22666,   0.02578,   0.32895,  -0.38982,   0.59479,   0.72964,  -0.38272,   2.13486,  -0.30864,   0.16462,   0.00333
  96.00000,   0.01578,  -0.01928,  -0.00637,   2.28459,   0.14019,  -0.22664,   0.02567,   0.33613,  -0.39239,   0.59066,   0.72580,  -0.38090,   2.13077,  -0.30968,   0.16348,   0.00248
  97.00000,   0.01586,  -0.01953,  -0.00637,   2.28312,   0.14028,  -0.22673,   0.02687,   0.33591,  -0.39218,   0.59136,   0.72441,  -0.38016,   2.12981,  -0.31146,   0.16326,   0.00212
  98.00000,   0.01589,  -0.01979,  -0.00634,   2.28109,   0.14038,  -0.22572,   0.02857,   0.33523,  -0.39324,   0.59345,   0.72277,  -0.37923,   2.12783,  -0.31332,   0.16208,   0.00211
  99.00000,   0.01606,  -0.01995,  -0.00633,   2.28296,   0.14091,  -0.22422,   0.02622,   0.33470,  -0.39314,   0.59476,   0.72144,  -0.37880,   2.12932,  -0.31371,   0.16127,   0.00235
   0.00000,   0.00000,   0.00000,   0.00000,   2.38792,   0.01236,  -0.22463,   0.03857,   0.22224,  -0.71883,   0.45571,   0.97189,  -0.41367,   1.92819,   0.00684,   0.17224,  -0.00077
   1.00000,  -0.00000,   0.00008,  -0.00000,   2.38941,   0.01383,  -0.22702,   0.03696,   0.22258,  -0.71964,   0.45088,   0.97616,  -0.41388,   1.93105,   0.01138,   0.17366,  -0.00130
   2.00000,  -0.00002,   0.00016,   0.00003,   2.38971,   0.01337,  -0.22638,   0.03671,   0.21991,  -0.71770,   0.45182,   0.98107,  -0.41696,   1.93242,   0.01852,   0.17578,  -0.00215
   3.00000,  -0.00006,   0.00022,   0.00003,   2.39164,   0.01252,  -0.22317,   0.03523,   0.21390,  -0.71399,   0.44796,   0.98855,  -0.41319,   1.93985,   0.02282,   0.18085,  -0.00267
   4.00000,  -0.00009,   0.00022,   0.00006,   2.39170,   0.01378,  -0.22564,   0.03532,   0.21454,  -0.71459,   0.43124,   0.99526,  -0.40436,   1.95034,   0.01966,   0.18283,  -0.00227
   5.00000,  -0.00026,   0.00012,   0.00005,   2.39234,   0.01461,  -0.22487,   0.03579,   0.20853,  -0.71300,   0.42903,   1.00256,  -0.40508,   1.95512,   0.02234,   0.18468,  -0.00250
   6.00000,  -0.00033,   0.00010,   0.00006,   2.39203,   0.01414,  -0.22432,   0.03648,   0.20432,  -0.71042,   0.42249,   1.01124,  -0.40397,   1.96133,   0.02999,   0.18872,  -0.00341
   7.00000,  -0.00032,   0.00019,   0.00015,   2.39167,   0.01286,  -0.22384,   0.03628,   0.20071,  -0.70663,   0.41834,   1.01976,  -0.40553,   1.96838,   0.02622,   0.19205,  -0.00289
   8.00000,  -0.00053,   0.00008,   0.00015,   2.38883,   0.01185,  -0.22330,   0.03950,   0.19526,  -0.70344,   0.40927,   1.02998,  -0.40335,   1.97698,   0.02824,   0.19225,  -0.00300
   9.00000,  -0.00072,  -0.00000,   0.00024,   2.38686,   0.01057,  -0.22250,   0.04193,   0.18953,  -0.69907,   0.40302,   1.04240,  -0.40584,   1.98887,   0.03150,   0.19734,  -0.00340
  10.00000,  -0.00095,  -0.00010,   0.00027,   2.38354,   0.00868,  -0.22177,   0.04535,   0.18311,  -0.69436,   0.39067,   1.05693,  -0.40296,   1.99596,   0.03452,   0.20128,  -0.00363
  11.00000,  -0.00121,  -0.00005,   0.00027,   2.38667,   0.00788,  -0.21983,   0.04240,   0.16970,  -0.68647,   0.35481,   1.08996,  -0.38400,   2.02936,   0.04133,   0.21420,  -0.00457
  12.00000,  -0.00133,  -0.00004,   0.00026,   2.38841,   0.00777,  -0.21932,   0.04063,   0.16249,  -0.68127,   0.34198,   1.10571,  -0.38093,   2.04231,   0.03741,   0.21878,  -0.00409
  13.00000,  -0.00143,   0.00001,   0.00032,   2.39011,   0.00698,  -0.21858,   0.03884,   0.15695,  -0.67520,   0.33057,   1.11991,  -0.37976,   2.04790,   0.03840,   0.22496,  -0.00437
  14.00000,  -0.00166,  -0.00004,   0.00036,   2.38889,   0.00528,  -0.21775,   0.03996,   0.15188,  -0.66888,   0.32928,   1.13309,  -0.38878,   2.04442,   0.04277,   0.23244,  -0.00508
  15.00000,  -0.00189,  -0.00012,   0.00045,   2.38766,   0.00339,  -0.21664,   0.04113,   0.14563,  -0.66203,   0.31452,   1.15098,  -0.38418,   2.04972,   0.05193,   0.24838,  -0.00641
  16.00000,  -0.00196,  -0.00002,   0.00050,   2.39208,   0.00297,  -0.21589,   0.03629,   0.13855,  -0.65596,   0.29798,   1.16890,  -0.37446,   2.05465,   0.05104,   0.26061,  -0.00630
  17.00000,  -0.00209,  -0.00004,   0.00058,   2.39281,   0.00202,  -0.21551,   0.03513,   0.13094,  -0.64859,   0.28929,   1.18797,  -0.37382,   2.05980,   0.05030,   0.27273,  -0.00613
  18.00000,  -0.00226,  -0.00010,   0.00062,   2.39239,   0.00113,  -0.21465,   0.03472,   0.12370,  -0.64216,   0.27939,   1.20616,  -0.37027,   2.06553,   0.05517,   0.27753,  -0.00715
  19.00000,  -0.00240,  -0.00015,   0.00067,   2.39207,  -0.00032,  -0.21336,   0.03435,   0.11671,  -0.63316,   0.26842,   1.22380,  -0.36459,   2.07064,   0.04898,   0.29670,  -0.00657
  20.00000,  -0.00245,   0.00004,   0.00079,   2.39584,  -0.00253,  -0.21191,   0.02846,   0.10139,  -0.61603,   0.25868,   1.26070,  -0.35553,   2.06255,   0.02008,   0.33999,  -0.00252
  21.00000,  -0.00254,   0.00018,   0.00088,   2.39528,  -0.00467,  -0.21056,   0.02767,   0.09192,  -0.60672,   0.26639,   1.27987,  -0.35906,   2.06038,   0.01713,   0.35161,  -0.00215
  22.00000,  -0.00266,   0.00025,   0.00092,   2.39471,  -0.00622,  -0.20920,   0.02728,   0.09204,  -0.59826,   0.28155,   1.28980,  -0.37455,   2.04659,   0.01136,   0.36887,  -0.00145
  23.00000,  -0.00268,   0.00042,   0.00098,   2.39623,  -0.00755,  -0.20821,   0.02473,   0.07884,  -0.59167,   0.26594,   1.31207,  -0.34281,   2.04921,  -0.01053,   0.38190,   0.00134
  24.00000,  -0.00281,   0.00052,   0.00099,   2.39578,  -0.00930,  -0.20692,   0.02421,   0.07139,  -0.58498,   0.27033,   1.32906,  -0.33257,   2.04101,  -0.03179,   0.40653,   0.00405
  25.00000,  -0.00283,   0.00067,   0.00100,   2.39484,  -0.01163,  -0.20580,   0.02371,   0.06819,  -0.57898,   0.27566,   1.34396,  -0.32140,   2.02963,  -0.05515,   0.42194,   0.00670
  26.00000,  -0.00295,   0.00074,   0.00098,   2.39305,  -0.01416,  -0.20457,   0.02426,   0.06064,  -0.57013,   0.28016,   1.35346,  -0.30717,   2.02194,  -0.08133,   0.43577,   0.00937
  27.00000,  -0.00298,   0.00084,   0.00097,   2.39262,  -0.01636,  -0.20344,   0.02334,   0.05156,  -0.56218,   0.30574,   1.36825,  -0.31008,   2.01830,  -0.08884,   0.44207,   0.01049
  28.00000,  -0.00299,   0.00092,   0.00094,   2.39229,  -0.01796,  -0.20292,   0.02208,   0.04577,  -0.55561,   0.31824,   1.38098,  -0.29984,   2.01720,  -0.09859,   0.44685,   0.01145
  29.00000,  -0.00301,   0.00100,   0.00093,   2.39236,  -0.01873,  -0.20245,   0.02059,   0.03624,  -0.54950,   0.34678,   1.39049,  -0.29933,   2.01843,  -0.11370,   0.45638,   0.01245
  30.00000,  -0.00303,   0.00113,   0.00087,   2.39252,  -0.01988,  -0.20205,   0.01751,   0.02614,  -0.53778,   0.39247,   1.41271,  -0.29391,   2.02110,  -0.11784,   0.46694,   0.01144
  31.00000,  -0.00308,   0.00116,   0.00086,   2.39119,  -0.02067,  -0.20166,   0.01800,   0.02151,  -0.53168,   0.41936,   1.42348,  -0.29408,   2.02787,  -0.11579,   0.47053,   0.01082
  32.00000,  -0.00313,   0.00118,   0.00083,   2.39038,  -0.02136,  -0.20140,   0.01836,   0.01119,  -0.52452,   0.45465,   1.42819,  -0.29931,   2.03424,  -0.11786,   0.46074,   0.01118
  33.00000,  -0.00313,   0.00119,   0.00077,   2.38960,  -0.02212,  -0.20144,   0.01882,   0.00817,  -0.51844,   0.47078,   1.43513,  -0.28985,   2.04140,  -0.11343,   0.46305,   0.01058
  34.00000,  -0.00317,   0.00113,   0.00073,   2.38835,  -0.02236,  -0.20153,   0.01996,   0.00820,  -0.51197,   0.49449,   1.44159,  -0.29149,   2.05057,  -0.10679,   0.46476,   0.01064
  35.00000,  -0.00316,   0.00108,   0.00071,   2.38755,  -0.02228,  -0.20184,   0.02073,   0.00790,  -0.50719,   0.50356,   1.44279,  -0.27504,   2.05542,  -0.11410,   0.46276,   0.01139
  36.00000,  -0.00312,   0.00102,   0.00067,   2.38658,  -0.02207,  -0.20248,   0.02154,   0.00491,  -0.49922,   0.53886,   1.44950,  -0.28841,   2.05856,  -0.10548,   0.47087,   0.01126
  37.00000,  -0.00306,   0.00102,   0.00059,   2.38780,  -0.02123,  -0.20277,   0.02024,   0.00177,  -0.49039,   0.58269,   1.45072,  -0.31187,   2.06054,  -0.08864,   0.46510,   0.00971
  38.00000,  -0.00303,   0.00092,   0.00054,   2.38552,  -0.02104,  -0.20363,   0.02260,   0.00251,  -0.48477,   0.59992,   1.44786,  -0.30759,   2.05773,  -0.09036,   0.46958,   0.01032
  39.00000,  -0.00295,   0.00095,   0.00045,   2.38642,  -0.02031,  -0.20365,   0.02163,   0.00203,  -0.47764,   0.62474,   1.44302,  -0.30928,   2.06241,  -0.09184,   0.47835,   0.01111
  40.00000,  -0.00281,   0.00087,   0.00029,   2.38725,  -0.01794,  -0.20524,   0.02107,   0.00880,  -0.46370,   0.66085,   1.42322,  -0.30970,   2.02199,  -0.13139,   0.48794,   0.01798
  41.00000,  -0.00275,   0.00077,   0.00019,   2.38697,  -0.01623,  -0.20612,   0.02160,   0.01431,  -0.45741,   0.68377,   1.41165,  -0.31912,   2.00589,  -0.13553,   0.49559,   0.01954
  42.00000,  -0.00261,   0.00061,   0.00010,   2.38672,  -0.01437,  -0.20706,   0.02221,   0.01906,  -0.44880,   0.71161,   1.39845,  -0.33792,   1.99020,  -0.13820,   0.49903,   0.02161
  43.00000,  -0.00252,   0.00045,  -0.00005,   2.38470,  -0.01298,  -0.20780,   0.02442,   0.02836,  -0.44167,   0.72277,   1.38145,  -0.34269,   1.98384,  -0.13176,   0.50950,   0.02124
  44.00000,  -0.00242,   0.00027,  -0.00012,   2.38380,  -0.01097,  -0.20870,   0.02567,   0.03800,  -0.43566,   0.72773,   1.35949,  -0.33979,   1.96220,  -0.14996,   0.50353,   0.02519
  45.00000,  -0.00237,  -0.00000,  -0.00023,   2.38007,  -0.00971,  -0.20972,   0.03013,   0.04969,  -0.42761,   0.73477,   1.33653,  -0.34669,   1.95303,  -0.14556,   0.50482,   0.02473
  46.00000,  -0.00222,  -0.00016,  -0.00035,   2.38064,  -0.00756,  -0.21079,   0.03010,   0.06387,  -0.42068,   0.73647,   1.30957,  -0.34934,   1.93351,  -0.15714,   0.49782,   0.02657
  47.00000,  -0.00207,  -0.00034,  -0.00047,   2.38006,  -0.00558,  -0.21227,   0.03114,   0.07860,  -0.41365,   0.72870,   1.28193,  -0.34374,   1.92337,  -0.17243,   0.48708,   0.02923
  48.00000,  -0.00193,  -0.00058,  -0.00060,   2.37854,  -0.00330,  -0.21340,   0.03301,   0.08920,  -0.40652,   0.73814,   1.25571,  -0.35316,   1.92227,  -0.19026,   0.47407,   0.03108
  49.00000,  -0.00169,  -0.00072,  -0.00072,   2.38020,  -0.00034,  -0.21442,   0.03158,   0.10244,  -0.40050,   0.74150,   1.22605,  -0.35612,   1.91179,  -0.20020,   0.46422,   0.03155
  50.00000,  -0.00141,  -0.00106,  -0.00092,   2.38016,   0.00490,  -0.21663,   0.03220,   0.13305,  -0.38919,   0.74345,   1.16864,  -0.36449,   1.93185,  -0.21356,   0.43707,   0.03210
  51.00000,  -0.00132,  -0.00123,  -0.00099,   2.37814,   0.00653,  -0.21714,   0.03477,   0.14911,  -0.38390,   0.74055,   1.13902,  -0.36491,   1.95250,  -0.22064,   0.41880,   0.03115
  52.00000,  -0.00111,  -0.00137,  -0.00112,   2.38015,   0.00997,  -0.21832,   0.03344,   0.16471,  -0.37975,   0.74169,   1.10947,  -0.37113,   1.96834,  -0.23459,   0.39594,   0.03114
  53.00000,  -0.00085,  -0.00150,  -0.00131,   2.38286,   0.01342,  -0.22062,   0.03148,   0.18187,  -0.37563,   0.74019,   1.08176,  -0.37741,   1.99047,  -0.23828,   0.37759,   0.03101
  54.00000,  -0.00055,  -0.00176,  -0.00150,   2.38290,   0.01575,  -0.22326,   0.03259,   0.20150,  -0.37228,   0.73664,   1.05125,  -0.38503,   2.00990,  -0.24247,   0.35224,   0.02956
  55.00000,  -0.00043,  -0.00206,  -0.00166,   2.38026,   0.01855,  -0.22539,   0.03651,   0.22001,  -0.36992,   0.73533,   1.02032,  -0.39226,   2.01676,  -0.25900,   0.32539,   0.02972
  56.00000,  -0.00023,  -0.00227,  -0.00183,   2.37861,   0.02102,  -0.22879,   0.03944,   0.23864,  -0.36752,   0.72986,   0.99435,  -0.39812,   2.03644,  -0.26686,   0.31575,   0.03027
  57.00000,   0.00019,  -0.00235,  -0.00193,   2.38143,   0.02310,  -0.23253,   0.03815,   0.26071,  -0.36392,   0.71984,   0.96653,  -0.40403,   2.06089,  -0.27534,   0.29637,   0.03233
  58.00000,   0.00056,  -0.00252,  -0.00220,   2.38373,   0.02493,  -0.23365,   0.03742,   0.27533,  -0.36091,   0.72061,   0.93974,  -0.41279,   2.07023,  -0.30345,   0.27626,   0.03717
  59.00000,   0.00089,  -0.00281,  -0.00245,   2.38342,   0.02882,  -0.24000,   0.03899,   0.30383,  -0.36151,   0.69829,   0.91273,  -0.41364,   2.07754,  -0.29820,   0.26911,   0.03728
  60.00000,   0.00136,  -0.00306,  -0.00260,   2.38774,   0.03660,  -0.24552,   0.03784,   0.33208,  -0.35965,   0.68492,   0.86300,  -0.42277,   2.07483,  -0.34737,   0.24437,   0.04349
  61.00000,   0.00140,  -0.00320,  -0.00271,   2.38851,   0.04050,  -0.24681,   0.03874,   0.34400,  -0.35956,   0.67425,   0.84037,  -0.42280,   2.07059,  -0.34419,   0.23937,   0.04412
  62.00000,   0.00150,  -0.00361,  -0.00280,   2.38523,   0.04312,  -0.24993,   0.04399,   0.35435,  -0.35897,   0.67363,   0.81587,  -0.43092,   2.03793,  -0.38108,   0.21389,   0.04723
  63.00000,   0.00160,  -0.00382,  -0.00283,   2.38729,   0.04660,  -0.25214,   0.04399,   0.36922,  -0.35909,   0.64511,   0.80413,  -0.42312,   2.05848,  -0.35507,   0.22227,   0.05312
  64.00000,   0.00168,  -0.00391,  -0.00288,   2.39130,   0.05042,  -0.25345,   0.04207,   0.37402,  -0.35705,   0.63178,   0.79301,  -0.42298,   2.07979,  -0.33473,   0.22048,   0.05775
  65.00000,   0.00175,  -0.00402,  -0.00289,   2.39358,   0.05415,  -0.25504,   0.04127,   0.38278,  -0.35737,   0.61306,   0.78312,  -0.41832,   2.09772,  -0.31496,   0.21690,   0.06123
  66.00000,   0.00187,  -0.00402,  -0.00289,   2.39811,   0.05739,  -0.25608,   0.03812,   0.39069,  -0.35637,   0.60040,   0.77292,  -0.41893,   2.11019,  -0.30136,   0.21078,   0.06468
  67.00000,   0.00197,  -0.00408,  -0.00291,   2.40018,   0.05919,  -0.25719,   0.03722,   0.39957,  -0.35493,   0.58153,   0.76519,  -0.41398,   2.12588,  -0.28749,   0.20478,   0.06700
  68.00000,   0.00193,  -0.00414,  -0.00291,   2.40170,   0.06172,  -0.25858,   0.03663,   0.40740,  -0.35555,   0.56745,   0.75809,  -0.41035,   2.13934,  -0.27954,   0.19727,   0.06991
  69.00000,   0.00193,  -0.00422,  -0.00289,   2.40586,   0.06519,  -0.25954,   0.03380,   0.41158,  -0.35501,   0.56485,   0.74921,  -0.41468,   2.14218,  -0.26835,   0.18797,   0.07013
  70.00000,   0.00177,  -0.00436,  -0.00291,   2.40862,   0.06861,  -0.26005,   0.03269,   0.41530,  -0.35575,   0.55518,   0.74278,  -0.41045,   2.15452,  -0.26191,   0.18184,   0.07296
  71.00000,   0.00150,  -0.00467,  -0.00305,   2.41286,   0.07476,  -0.26168,   0.03158,   0.42542,  -0.35796,   0.54637,   0.72690,  -0.41204,   2.16302,  -0.25283,   0.16452,   0.07633
  72.00000,   0.00137,  -0.00469,  -0.00309,   2.41442,   0.07726,  -0.26290,   0.03108,   0.43249,  -0.35828,   0.54246,   0.71822,  -0.41395,   2.16614,  -0.24653,   0.15603,   0.07698
  73.00000,   0.00131,  -0.00464,  -0.00312,   2.41613,   0.07901,  -0.26357,   0.02995,   0.44059,  -0.35895,   0.53690,   0.71044,  -0.41315,   2.16952,  -0.24685,   0.14532,   0.08017
  74.00000,   0.00130,  -0.00466,  -0.00312,   2.41867,   0.08109,  -0.26481,   0.02826,   0.44896,  -0.35978,   0.53220,   0.70206,  -0.41419,   2.17083,  -0.24287,   0.14114,   0.08154
  75.00000,   0.00139,  -0.00460,  -0.00315,   2.42420,   0.08368,  -0.26572,   0.02340,   0.45902,  -0.36010,   0.52858,   0.69299,  -0.41816,   2.16764,  -0.23632,   0.13767,   0.08199
  76.00000,   0.00138,  -0.00481,  -0.00338,   2.42770,   0.08684,  -0.26704,   0.02123,   0.46530,  -0.36309,   0.52419,   0.68648,  -0.41791,   2.16569,  -0.23226,   0.13565,   0.08318
  77.00000,   0.00123,  -0.00491,  -0.00340,   2.42875,   0.08887,  -0.26786,   0.02131,   0.46647,  -0.36234,   0.52543,   0.67993,  -0.42076,   2.16628,  -0.22497,   0.13147,   0.08245
  78.00000,   0.00105,  -0.00505,  -0.00353,   2.42901,   0.09094,  -0.26898,   0.02219,   0.47237,  -0.36387,   0.52236,   0.67232,  -0.42174,   2.16608,  -0.22125,   0.12749,   0.08373
  79.00000,   0.00097,  -0.00510,  -0.00361,   2.42914,   0.09198,  -0.27012,   0.02288,   0.47665,  -0.36413,   0.52165,   0.66709,  -0.42489,   2.16224,  -0.21047,   0.12779,   0.08094
  80.00000,   0.00089,  -0.00516,  -0.00368,   2.42911,   0.09325,  -0.27116,   0.02347,   0.48228,  -0.36528,   0.51733,   0.66101,  -0.42567,   2.16052,  -0.20340,   0.13358,   0.08013
  81.00000,   0.00078,  -0.00520,  -0.00379,   2.42810,   0.09404,  -0.27291,   0.02556,   0.49672,  -0.36561,   0.49717,   0.65587,  -0.40355,   2.07398,  -0.33920,   0.21519,   0.05412
  82.00000,   0.00095,  -0.00525,  -0.00373,   2.43017,   0.09481,  -0.27431,   0.02399,   0.50167,  -0.36604,   0.49256,   0.65163,  -0.40539,   2.07614,  -0.32998,   0.21301,   0.05576
  83.00000,   0.00094,  -0.00525,  -0.00379,   2.43023,   0.09523,  -0.27484,   0.02433,   0.50491,  -0.36600,   0.48628,   0.64814,  -0.40532,   2.07989,  -0.32260,   0.21373,   0.05715
  84.00000,   0.00069,  -0.00502,  -0.00374,   2.43004,   0.09555,  -0.27348,   0.02457,   0.50506,  -0.36464,   0.48165,   0.64525,  -0.40364,   2.08819,  -0.32234,   0.21291,   0.05888
  85.00000,   0.00086,  -0.00498,  -0.00372,   2.43345,   0.09691,  -0.27412,   0.02134,   0.50836,  -0.36452,   0.47579,   0.64150,  -0.40388,   2.09562,  -0.32200,   0.22175,   0.06163
  86.00000,   0.00105,  -0.00492,  -0.00371,   2.43455,   0.09713,  -0.27476,   0.01983,   0.51534,  -0.36422,   0.46303,   0.63887,  -0.40108,   2.10073,  -0.31273,   0.21983,   0.06086
  87.00000,   0.00111,  -0.00495,  -0.00372,   2.43600,   0.09835,  -0.27513,   0.01874,   0.51802,  -0.36396,   0.45612,   0.63564,  -0.40043,   2.10399,  -0.30625,   0.21843,   0.05987
  88.00000,   0.00112,  -0.00507,  -0.00377,   2.43561,   0.09926,  -0.27550,   0.01969,   0.51952,  -0.36384,   0.45348,   0.63170,  -0.40154,   2.10735,  -0.30236,   0.22381,   0.06029
  89.00000,   0.00080,  -0.00536,  -0.00386,   2.43508,   0.10227,  -0.27504,   0.02240,   0.51536,  -0.36542,   0.45007,   0.62878,  -0.39885,   2.11623,  -0.29934,   0.22815,   0.06087
  90.00000,   0.00080,  -0.00545,  -0.00388,   2.43441,   0.10265,  -0.27490,   0.02351,   0.51595,  -0.36484,   0.44561,   0.62620,  -0.39845,   2.12065,  -0.29293,   0.22391,   0.05923
  91.00000,   0.00084,  -0.00568,  -0.00388,   2.43209,   0.10280,  -0.27502,   0.02600,   0.51848,  -0.36428,   0.43838,   0.62343,  -0.39635,   2.12929,  -0.28546,   0.23531,   0.05849
  92.00000,   0.00077,  -0.00584,  -0.00385,   2.43105,   0.10329,  -0.27466,   0.02739,   0.51615,  -0.36401,   0.43886,   0.62122,  -0.39618,   2.13493,  -0.28220,   0.23409,   0.05710
  93.00000,   0.00083,  -0.00595,  -0.00384,   2.43065,   0.10300,  -0.27479,   0.02745,   0.51813,  -0.36365,   0.43707,   0.61947,  -0.39643,   2.13818,  -0.28006,   0.23391,   0.05601
  94.00000,   0.00084,  -0.00605,  -0.00384,   2.43184,   0.10373,  -0.27413,   0.02613,   0.51697,  -0.36345,   0.43771,   0.61829,  -0.39633,   2.14206,  -0.27301,   0.22419,   0.05368
  95.00000,   0.00089,  -0.00622,  -0.00384,   2.43241,   0.10394,  -0.27380,   0.02544,   0.51599,  -0.36311,   0.43918,   0.61815,  -0.39681,   2.14578,  -0.27418,   0.22848,   0.05445
  96.00000,   0.00092,  -0.00631,  -0.00377,   2.43411,   0.10479,  -0.27347,   0.02348,   0.51474,  -0.36313,   0.44053,   0.61886,  -0.39739,   2.14644,  -0.27165,   0.23078,   0.05229
  97.00000,   0.00089,  -0.00648,  -0.00376,   2.43440,   0.10511,  -0.27272,   0.02304,   0.51195,  -0.36310,   0.44433,   0.60755,  -0.38659,   2.04714,  -0.38627,   0.18067,   0.04896
  98.00000,   0.00085,  -0.00663,  -0.00368,   2.43407,   0.10513,  -0.27199,   0.02336,   0.50735,  -0.36271,   0.45117,   0.60819,  -0.38880,   2.04682,  -0.38722,   0.17996,   0.04925
  99.00000,   0.00088,  -0.00693,  -0.00364,   2.43266,   0.10498,  -0.27249,   0.02470,   0.50545,  -0.36297,   0.45456,   0.60884,  -0.39012,   2.04917,  -0.38606,   0.17727,   0.04880
   0.00000,   0.00000,   0.00000,   0.00000,   2.19759,   0.07317,  -0.07042,   0.47007,  -0.21663,  -0.85911,   0.08755,   0.87426,  -0.08411,   2.36620,   0.21109,   0.04183,  -0.00373
   1.00000,  -0.00012,  -0.00017,   0.00003,   2.19701,   0.07252,  -0.07018,   0.46922,  -0.22389,  -0.85790,   0.08783,   0.89321,  -0.08075,   2.38398,   0.20247,   0.03968,  -0.00467
   2.00000,  -0.00026,  -0.00036,   0.00010,   2.19586,   0.07157,  -0.07040,   0.46886,  -0.23064,  -0.85257,   0.09529,   0.91341,  -0.08923,   2.40282,   0.20178,   0.03300,  -0.00514
   3.00000,  -0.00047,  -0.00052,   0.00011,   2.19450,   0.07070,  -0.06984,   0.46813,  -0.23945,  -0.84935,   0.10234,   0.93460,  -0.09121,   2.43090,   0.19100,   0.02494,  -0.00498
   4.00000,  -0.00070,  -0.00062,   0.00016,   2.19399,   0.06969,  -0.06855,   0.46630,  -0.25003,  -0.84508,   0.10768,   0.95831,  -0.09105,   2.45033,   0.18040,   0.01429,  -0.00509
   5.00000,  -0.00100,  -0.00070,   0.00015,   2.19272,   0.06871,  -0.06779,   0.46537,  -0.26049,  -0.83856,   0.11842,   0.98348,  -0.09726,   2.46150,   0.17308,   0.01559,  -0.00513
   6.00000,  -0.00137,  -0.00077,   0.00020,   2.19064,   0.06827,  -0.06710,   0.46542,  -0.27215,  -0.83370,   0.12109,   1.00715,  -0.09368,   2.48297,   0.15447,   0.01331,  -0.00492
   7.00000,  -0.00167,  -0.00075,   0.00024,   2.18992,   0.06738,  -0.06515,   0.46389,  -0.28530,  -0.82741,   0.12874,   1.03345,  -0.09318,   2.49409,   0.14619,   0.01254,  -0.00529
   8.00000,  -0.00195,  -0.00080,   0.00028,   2.18974,   0.06688,  -0.06402,   0.46163,  -0.29836,  -0.82035,   0.14402,   1.06003,  -0.10080,   2.49215,   0.13454,   0.01895,  -0.00508
   9.00000,  -0.00250,  -0.00074,   0.00030,   2.18820,   0.06415,  -0.06202,   0.45682,  -0.32591,  -0.80699,   0.16129,   1.11455,  -0.09497,   2.52927,   0.11563,   0.01563,  -0.00352
  10.00000,  -0.00280,  -0.00068,   0.00031,   2.18742,   0.06264,  -0.06153,   0.45402,  -0.34026,  -0.80026,   0.17643,   1.14459,  -0.09598,   2.52840,   0.11438,   0.02163,  -0.00398
  11.00000,  -0.00319,  -0.00063,   0.00030,   2.18645,   0.06129,  -0.06005,   0.45211,  -0.35565,  -0.79389,   0.19262,   1.17216,  -0.09453,   2.53501,   0.10900,   0.02543,  -0.00386
  12.00000,  -0.00361,  -0.00063,   0.00031,   2.18646,   0.06011,  -0.05846,   0.44908,  -0.37202,  -0.78751,   0.21332,   1.19922,  -0.09512,   2.53717,   0.10178,   0.02789,  -0.00365
  13.00000,  -0.00401,  -0.00070,   0.00029,   2.18556,   0.05965,  -0.05787,   0.44774,  -0.38629,  -0.78227,   0.23210,   1.22447,  -0.09367,   2.53902,   0.09684,   0.03648,  -0.00329
  14.00000,  -0.00437,  -0.00081,   0.00032,   2.18418,   0.05877,  -0.05804,   0.44627,  -0.39862,  -0.77710,   0.24971,   1.24764,  -0.09086,   2.54566,   0.09364,   0.03639,  -0.00283
  15.00000,  -0.00466,  -0.00089,   0.00038,   2.18285,   0.05764,  -0.05731,   0.44483,  -0.40789,  -0.77412,   0.25498,   1.26458,  -0.06957,   2.54955,   0.07810,   0.04649,  -0.00268
  16.00000,  -0.00501,  -0.00104,   0.00039,   2.18038,   0.05723,  -0.05687,   0.44433,  -0.42559,  -0.76644,   0.29898,   1.28783,  -0.08939,   2.55979,   0.07667,   0.04665,  -0.00202
  17.00000,  -0.00553,  -0.00090,   0.00045,   2.17945,   0.05508,  -0.05399,   0.43999,  -0.45144,  -0.75340,   0.35739,   1.32059,  -0.09340,   2.56930,   0.07394,   0.05853,  -0.00177
  18.00000,  -0.00578,  -0.00081,   0.00051,   2.17961,   0.05407,  -0.05298,   0.43821,  -0.46455,  -0.74549,   0.39137,   1.33215,  -0.10218,   2.57294,   0.06723,   0.06325,  -0.00132
  19.00000,  -0.00609,  -0.00078,   0.00055,   2.17864,   0.05292,  -0.05179,   0.43752,  -0.47635,  -0.73940,   0.41459,   1.34201,  -0.09870,   2.57378,   0.06374,   0.06850,  -0.00135
  20.00000,  -0.00648,  -0.00081,   0.00059,   2.17729,   0.05286,  -0.04965,   0.43737,  -0.48953,  -0.73350,   0.44768,   1.34954,  -0.10500,   2.57272,   0.06769,   0.07508,  -0.00095
  21.00000,  -0.00680,  -0.00095,   0.00062,   2.17638,   0.05266,  -0.04842,   0.43668,  -0.50056,  -0.72799,   0.47645,   1.35448,  -0.10831,   2.57048,   0.06880,   0.08283,  -0.00113
  22.00000,  -0.00717,  -0.00118,   0.00065,   2.17534,   0.05361,  -0.04795,   0.43617,  -0.50576,  -0.72278,   0.49320,   1.35375,  -0.10296,   2.57050,   0.07210,   0.09225,  -0.00094
  23.00000,  -0.00751,  -0.00143,   0.00062,   2.17435,   0.05455,  -0.04786,   0.43630,  -0.51207,  -0.71752,   0.51581,   1.35103,  -0.10342,   2.57232,   0.06685,   0.09821,  -0.00095
  24.00000,  -0.00772,  -0.00166,   0.00062,   2.17370,   0.05496,  -0.04786,   0.43655,  -0.51745,  -0.71205,   0.53042,   1.34669,  -0.09814,   2.56986,   0.06242,   0.10397,  -0.00102
  25.00000,  -0.00815,  -0.00218,   0.00060,   2.16991,   0.05516,  -0.04762,   0.44037,  -0.52190,  -0.69844,   0.55957,   1.32684,  -0.09207,   2.56699,   0.05675,   0.11323,  -0.00103
  26.00000,  -0.00835,  -0.00249,   0.00054,   2.16868,   0.05616,  -0.04777,   0.44189,  -0.52296,  -0.69232,   0.58117,   1.31452,  -0.09988,   2.56736,   0.06283,   0.11859,  -0.00135
  27.00000,  -0.00849,  -0.00286,   0.00051,   2.16678,   0.05741,  -0.04880,   0.44406,  -0.52229,  -0.68589,   0.59405,   1.30005,  -0.10197,   2.56137,   0.06170,   0.12661,  -0.00126
  28.00000,  -0.00864,  -0.00326,   0.00046,   2.16415,   0.05887,  -0.04975,   0.44716,  -0.52024,  -0.68022,   0.59978,   1.28477,  -0.09887,   2.55496,   0.06496,   0.13217,  -0.00154
  29.00000,  -0.00870,  -0.00362,   0.00042,   2.16416,   0.06069,  -0.05068,   0.44777,  -0.51944,  -0.67454,   0.60765,   1.26912,  -0.10096,   2.54733,   0.08071,   0.13766,  -0.00175
  30.00000,  -0.00870,  -0.00395,   0.00039,   2.16473,   0.06210,  -0.05108,   0.44794,  -0.51872,  -0.66917,   0.61915,   1.25426,  -0.10614,   2.53296,   0.08230,   0.14652,  -0.00252
  31.00000,  -0.00868,  -0.00425,   0.00036,   2.16475,   0.06347,  -0.05195,   0.44842,  -0.51463,  -0.66240,   0.62638,   1.23637,  -0.11246,   2.51219,   0.08989,   0.15782,  -0.00302
  32.00000,  -0.00859,  -0.00458,   0.00034,   2.16430,   0.06524,  -0.05322,   0.44939,  -0.51309,  -0.65625,   0.62407,   1.21992,  -0.10981,   2.50411,   0.10419,   0.16542,  -0.00332
  33.00000,  -0.00844,  -0.00489,   0.00028,   2.16564,   0.06751,  -0.05423,   0.44843,  -0.50426,  -0.64965,   0.61834,   1.19849,  -0.10793,   2.47822,   0.10987,   0.17876,  -0.00398
  34.00000,  -0.00825,  -0.00572,   0.00005,   2.16300,   0.07306,  -0.05804,   0.45342,  -0.49363,  -0.64089,   0.61159,   1.15745,  -0.10977,   2.43979,   0.11989,   0.19719,  -0.00507
  35.00000,  -0.00790,  -0.00611,  -0.00010,   2.16704,   0.07601,  -0.06081,   0.45150,  -0.48478,  -0.63544,   0.59896,   1.13588,  -0.10538,   2.42745,   0.12172,   0.20599,  -0.00557
  36.00000,  -0.00773,  -0.00641,  -0.00028,   2.16695,   0.07818,  -0.06337,   0.45335,  -0.47574,  -0.63071,   0.59336,   1.11367,  -0.10711,   2.42055,   0.12617,   0.20592,  -0.00553
  37.00000,  -0.00768,  -0.00673,  -0.00041,   2.16655,   0.08158,  -0.06591,   0.45646,  -0.46876,  -0.62806,   0.58332,   1.09435,  -0.10400,   2.42133,   0.12895,   0.20289,  -0.00598
  38.00000,  -0.00750,  -0.00730,  -0.00040,   2.16710,   0.08533,  -0.06969,   0.46080,  -0.46070,  -0.62515,   0.57475,   1.07422,  -0.10621,   2.42098,   0.12846,   0.19976,  -0.00616
  39.00000,  -0.00727,  -0.00768,  -0.00036,   2.16793,   0.08885,  -0.07252,   0.46399,  -0.45298,  -0.62305,   0.56609,   1.05524,  -0.10559,   2.41331,   0.12662,   0.20223,  -0.00629
  40.00000,  -0.00696,  -0.00773,  -0.00037,   2.17466,   0.09314,  -0.07401,   0.46020,  -0.44452,  -0.62169,   0.55983,   1.03395,  -0.10577,   2.40810,   0.11926,   0.19937,  -0.00610
  41.00000,  -0.00673,  -0.00797,  -0.00039,   2.17619,   0.09696,  -0.07666,   0.46187,  -0.43561,  -0.62202,   0.54863,   1.01567,  -0.10181,   2.40490,   0.11606,   0.20334,  -0.00605
  42.00000,  -0.00636,  -0.00848,  -0.00042,   2.17742,   0.10479,  -0.08168,   0.46876,  -0.42352,  -0.62158,   0.53629,   0.97856,  -0.10128,   2.36514,   0.09712,   0.21031,  -0.00485
  43.00000,  -0.00617,  -0.00840,  -0.00047,   2.18266,   0.10958,  -0.08258,   0.46654,  -0.41544,  -0.62144,   0.52418,   0.95952,  -0.09731,   2.34207,   0.08911,   0.21660,  -0.00473
  44.00000,  -0.00596,  -0.00829,  -0.00053,   2.18808,   0.11377,  -0.08303,   0.46402,  -0.41195,  -0.62168,   0.51866,   0.94301,  -0.09618,   2.31928,   0.08039,   0.22335,  -0.00433
  45.00000,  -0.00580,  -0.00819,  -0.00061,   2.19155,   0.11808,  -0.08455,   0.46364,  -0.40602,  -0.62189,   0.51139,   0.92667,  -0.09817,   2.29613,   0.07637,   0.22530,  -0.00443
  46.00000,  -0.00573,  -0.00815,  -0.00072,   2.19339,   0.12246,  -0.08514,   0.46576,  -0.40074,  -0.62321,   0.50045,   0.90991,  -0.09613,   2.27171,   0.06729,   0.23452,  -0.00403
  47.00000,  -0.00560,  -0.00794,  -0.00078,   2.19792,   0.12718,  -0.08563,   0.46439,  -0.39543,  -0.62487,   0.48344,   0.89423,  -0.08748,   2.26040,   0.06549,   0.23649,  -0.00386
  48.00000,  -0.00546,  -0.00772,  -0.00085,   2.20447,   0.13184,  -0.08496,   0.46191,  -0.39594,  -0.62574,   0.48169,   0.88349,  -0.08851,   2.24800,   0.06387,   0.24594,  -0.00410
  49.00000,  -0.00535,  -0.00739,  -0.00093,   2.21166,   0.13588,  -0.08435,   0.45823,  -0.39404,  -0.62555,   0.47544,   0.87125,  -0.08777,   2.23776,   0.05783,   0.24768,  -0.00361
  50.00000,  -0.00525,  -0.00720,  -0.00106,   2.21655,   0.13993,  -0.08500,   0.45647,  -0.39087,  -0.62534,   0.47096,   0.85875,  -0.08803,   2.22145,   0.04025,   0.25412,  -0.00162
  51.00000,  -0.00502,  -0.00681,  -0.00123,   2.22170,   0.14593,  -0.08672,   0.45699,  -0.37985,  -0.62711,   0.44823,   0.83441,  -0.07914,   2.23847,   0.03530,   0.24347,  -0.00173
  52.00000,  -0.00486,  -0.00651,  -0.00134,   2.22589,   0.14855,  -0.08685,   0.45586,  -0.37762,  -0.62691,   0.44464,   0.82518,  -0.07990,   2.23962,   0.02928,   0.23842,  -0.00154
  53.00000,  -0.00474,  -0.00630,  -0.00141,   2.22904,   0.15106,  -0.08788,   0.45545,  -0.37461,  -0.62809,   0.43344,   0.81559,  -0.07337,   2.24326,   0.02217,   0.23448,  -0.00110
  54.00000,  -0.00462,  -0.00610,  -0.00150,   2.23323,   0.15424,  -0.08862,   0.45417,  -0.37137,  -0.62983,   0.42728,   0.80796,  -0.07177,   2.24291,   0.01963,   0.23025,  -0.00103
  55.00000,  -0.00452,  -0.00587,  -0.00159,   2.23733,   0.15746,  -0.08935,   0.45305,  -0.36989,  -0.63088,   0.42646,   0.80184,  -0.07502,   2.24184,   0.01866,   0.22991,  -0.00099
  56.00000,  -0.00442,  -0.00555,  -0.00167,   2.24101,   0.16037,  -0.09002,   0.45245,  -0.36625,  -0.63266,   0.41367,   0.79430,  -0.06644,   2.24033,   0.00799,   0.23181,  -0.00042
  57.00000,  -0.00429,  -0.00535,  -0.00176,   2.24467,   0.16303,  -0.09074,   0.45209,  -0.36253,  -0.63380,   0.40686,   0.78899,  -0.06497,   2.24205,   0.00607,   0.23006,  -0.00036
  58.00000,  -0.00419,  -0.00514,  -0.00178,   2.24766,   0.16610,  -0.09281,   0.45218,  -0.36069,  -0.63613,   0.40326,   0.78594,  -0.06553,   2.24039,   0.00064,   0.23360,  -0.00004
  59.00000,  -0.00397,  -0.00477,  -0.00202,   2.25186,   0.17074,  -0.09488,   0.45487,  -0.35874,  -0.64031,   0.38730,   0.77866,  -0.05620,   2.24812,  -0.00626,   0.22599,   0.00034
  60.00000,  -0.00376,  -0.00444,  -0.00208,   2.25624,   0.17260,  -0.09575,   0.45250,  -0.35739,  -0.63870,   0.38998,   0.77653,  -0.06364,   2.24777,  -0.00552,   0.22975,   0.00026
  61.00000,  -0.00358,  -0.00412,  -0.00216,   2.26033,   0.17374,  -0.09570,   0.45038,  -0.35575,  -0.63802,   0.39033,   0.77426,  -0.06653,   2.24478,  -0.00630,   0.22968,   0.00031
  62.00000,  -0.00343,  -0.00389,  -0.00216,   2.26283,   0.17506,  -0.09652,   0.44938,  -0.35267,  -0.63827,   0.38464,   0.77148,  -0.06426,   2.24779,  -0.01042,   0.22930,   0.00050
  63.00000,  -0.00333,  -0.00368,  -0.00219,   2.26523,   0.17672,  -0.09745,   0.44818,  -0.34894,  -0.63968,   0.37927,   0.76911,  -0.06200,   2.24900,  -0.01590,   0.22905,   0.00076
  64.00000,  -0.00321,  -0.00346,  -0.00221,   2.26810,   0.17855,  -0.09749,   0.44657,  -0.34888,  -0.64255,   0.37638,   0.76879,  -0.05904,   2.25355,  -0.01642,   0.22622,   0.00076
  65.00000,  -0.00348,  -0.00416,  -0.00264,   2.27055,   0.18511,  -0.10041,   0.45296,  -0.35325,  -0.64907,   0.36981,   0.76889,  -0.05651,   2.26049,  -0.01525,   0.22677,   0.00078
  66.00000,  -0.00343,  -0.00404,  -0.00272,   2.27326,   0.18746,  -0.10137,   0.45305,  -0.35352,  -0.64994,   0.37254,   0.76860,  -0.06060,   2.26035,  -0.01585,   0.22803,   0.00080
  67.00000,  -0.00334,  -0.00381,  -0.00291,   2.27800,   0.19143,  -0.10258,   0.45235,  -0.34916,  -0.65216,   0.36943,   0.76336,  -0.06123,   2.26463,  -0.02440,   0.23006,   0.00129
  68.00000,  -0.00335,  -0.00374,  -0.00299,   2.27955,   0.19328,  -0.10297,   0.45207,  -0.34564,  -0.65358,   0.36508,   0.75989,  -0.05883,   2.26933,  -0.02589,   0.22692,   0.00143
  69.00000,  -0.00336,  -0.00369,  -0.00305,   2.28064,   0.19513,  -0.10398,   0.45300,  -0.34330,  -0.65409,   0.36610,   0.75782,  -0.06237,   2.26787,  -0.02373,   0.22691,   0.00125
  70.00000,  -0.00336,  -0.00364,  -0.00312,   2.28215,   0.19321,  -0.10610,   0.45341,  -0.33761,  -0.65190,   0.35961,   0.75480,  -0.06125,   2.27072,  -0.02434,   0.22858,   0.00130
  71.00000,  -0.00337,  -0.00362,  -0.00315,   2.28328,   0.19513,  -0.10670,   0.45383,  -0.33532,  -0.65252,   0.36095,   0.75220,  -0.06490,   2.27295,  -0.02509,   0.22683,   0.00143
  72.00000,  -0.00337,  -0.00359,  -0.00320,   2.28407,   0.19637,  -0.10677,   0.45447,  -0.33464,  -0.65322,   0.36462,   0.75100,  -0.06850,   2.27895,  -0.02225,   0.22669,   0.00140
  73.00000,  -0.00339,  -0.00360,  -0.00323,   2.28517,   0.19679,  -0.10781,   0.45493,  -0.33133,  -0.65400,   0.35795,   0.74824,  -0.06419,   2.28258,  -0.02417,   0.22670,   0.00159
  74.00000,  -0.00347,  -0.00362,  -0.00329,   2.28554,   0.19772,  -0.10857,   0.45681,  -0.32828,  -0.65491,   0.34838,   0.74477,  -0.05899,   2.28900,  -0.02488,   0.22734,   0.00154
  75.00000,  -0.00352,  -0.00353,  -0.00338,   2.28585,   0.20387,  -0.10784,   0.45866,  -0.32685,  -0.65806,   0.35206,   0.73651,  -0.06602,   2.28657,  -0.02424,   0.22245,   0.00155
  76.00000,  -0.00335,  -0.00345,  -0.00373,   2.28612,   0.20294,  -0.10891,   0.45813,  -0.32336,  -0.65907,   0.34074,   0.73345,  -0.05688,   2.28826,  -0.02955,   0.22087,   0.00193
  77.00000,  -0.00334,  -0.00336,  -0.00377,   2.28733,   0.20312,  -0.10898,   0.45741,  -0.31804,  -0.65747,   0.32982,   0.72874,  -0.05127,   2.28471,  -0.03586,   0.22484,   0.00235
  78.00000,  -0.00336,  -0.00330,  -0.00381,   2.28788,   0.20344,  -0.10905,   0.45718,  -0.31591,  -0.65613,   0.33006,   0.72601,  -0.05449,   2.27926,  -0.03707,   0.22767,   0.00242
  79.00000,  -0.00335,  -0.00320,  -0.00385,   2.28914,   0.20361,  -0.10880,   0.45649,  -0.31514,  -0.65475,   0.33348,   0.72348,  -0.05952,   2.27767,  -0.03679,   0.22822,   0.00247
  80.00000,  -0.00339,  -0.00317,  -0.00388,   2.28842,   0.20330,  -0.10918,   0.45757,  -0.31290,  -0.65416,   0.32674,   0.72089,  -0.05575,   2.28475,  -0.03757,   0.23014,   0.00264
  81.00000,  -0.00343,  -0.00312,  -0.00391,   2.28807,   0.20328,  -0.10952,   0.45828,  -0.31041,  -0.65341,   0.31935,   0.71901,  -0.05302,   2.29510,  -0.03526,   0.22902,   0.00262
  82.00000,  -0.00345,  -0.00309,  -0.00395,   2.28843,   0.20335,  -0.10989,   0.45804,  -0.30846,  -0.65305,   0.31460,   0.71777,  -0.05181,   2.29789,  -0.03475,   0.22963,   0.00259
  83.00000,  -0.00349,  -0.00309,  -0.00397,   2.28896,   0.20311,  -0.11035,   0.45740,  -0.30792,  -0.65169,   0.31718,   0.71636,  -0.05614,   2.29556,  -0.03583,   0.22556,   0.00263
  84.00000,  -0.00362,  -0.00313,  -0.00402,   2.28958,   0.19855,  -0.11293,   0.45645,  -0.29484,  -0.64393,   0.29904,   0.70800,  -0.05293,   2.29882,  -0.04142,   0.22840,   0.00315
  85.00000,  -0.00368,  -0.00314,  -0.00404,   2.28999,   0.19825,  -0.11314,   0.45566,  -0.29241,  -0.64235,   0.29752,   0.70591,  -0.05394,   2.29650,  -0.04464,   0.23082,   0.00355
  86.00000,  -0.00379,  -0.00320,  -0.00404,   2.28884,   0.19682,  -0.11442,   0.45645,  -0.28934,  -0.64071,   0.29424,   0.70420,  -0.05424,   2.29712,  -0.04676,   0.23270,   0.00388
  87.00000,  -0.00493,  -0.00429,  -0.00370,   2.28767,   0.21160,  -0.11215,   0.46726,  -0.30979,  -0.65637,   0.30280,   0.70450,  -0.05337,   2.29802,  -0.04921,   0.23261,   0.00422
  88.00000,  -0.00517,  -0.00432,  -0.00370,   2.28662,   0.20756,  -0.11445,   0.46785,  -0.30398,  -0.65206,   0.29231,   0.70150,  -0.05139,   2.30181,  -0.05058,   0.23184,   0.00438
  89.00000,  -0.00541,  -0.00449,  -0.00365,   2.28365,   0.20934,  -0.11434,   0.46989,  -0.30288,  -0.65273,   0.29144,   0.69773,  -0.05288,   2.30201,  -0.05122,   0.23044,   0.00444
  90.00000,  -0.00566,  -0.00461,  -0.00366,   2.28271,   0.21002,  -0.11429,   0.47001,  -0.30332,  -0.65311,   0.29046,   0.69754,  -0.05272,   2.30158,  -0.04979,   0.23200,   0.00435
  91.00000,  -0.00586,  -0.00472,  -0.00366,   2.28183,   0.21087,  -0.11338,   0.46935,  -0.30291,  -0.65335,   0.28919,   0.69607,  -0.05200,   2.30025,  -0.04808,   0.23332,   0.00420
  92.00000,  -0.00634,  -0.00501,  -0.00370,   2.27799,   0.21191,  -0.11148,   0.47082,  -0.30552,  -0.65399,   0.28698,   0.69315,  -0.04746,   2.29659,  -0.05209,   0.23408,   0.00429
  93.00000,  -0.00661,  -0.00519,  -0.00367,   2.27456,   0.21101,  -0.11117,   0.47279,  -0.30640,  -0.65355,   0.28752,   0.69244,  -0.04627,   2.29461,  -0.05562,   0.23381,   0.00446
  94.00000,  -0.00701,  -0.00544,  -0.00372,   2.26952,   0.21044,  -0.11108,   0.47632,  -0.30095,  -0.65054,   0.28470,   0.68755,  -0.04719,   2.29592,  -0.05849,   0.23201,   0.00470
  95.00000,  -0.00730,  -0.00564,  -0.00372,   2.26508,   0.20923,  -0.11095,   0.47905,  -0.30086,  -0.64973,   0.28735,   0.68711,  -0.04715,   2.29705,  -0.06192,   0.22984,   0.00501
  96.00000,  -0.00756,  -0.00594,  -0.00368,   2.26099,   0.20844,  -0.11152,   0.48104,  -0.29993,  -0.64963,   0.29097,   0.68728,  -0.04770,   2.29634,  -0.06768,   0.22705,   0.00558
  97.00000,  -0.00771,  -0.00620,  -0.00362,   2.25894,   0.20708,  -0.11143,   0.48118,  -0.30038,  -0.64830,   0.29790,   0.68860,  -0.05163,   2.29808,  -0.06739,   0.22328,   0.00562
  98.00000,  -0.00786,  -0.00649,  -0.00358,   2.25816,   0.20662,  -0.11134,   0.47946,  -0.30461,  -0.64902,   0.30941,   0.69336,  -0.05574,   2.29697,  -0.07091,   0.22017,   0.00585
  99.00000,  -0.00821,  -0.00663,  -0.00357,   2.25405,   0.20447,  -0.11043,   0.48058,  -0.30444,  -0.64662,   0.31562,   0.69441,  -0.05818,   2.29899,  -0.07267,   0.21945,   0.00592
   0.00000,   0.00000,   0.00000,   0.00000,   2.04452,   0.00786,  -0.07924,   0.09218,   0.43635,  -0.65533,  -0.58386,   0.99599,   0.25963,   2.81322,   0.24772,  -0.10287,  -0.00176
   1.00000,   0.00000,   0.00000,   0.00000,   2.04452,   0.00786,  -0.07924,   0.09218,   0.43635,  -0.65533,  -0.58386,   0.99599,   0.25963,   2.81322,   0.24772,  -0.10287,  -0.00176
   2.00000,   0.00013,   0.00019,  -0.00003,   2.04719,   0.00713,  -0.07922,   0.08967,   0.43269,  -0.64672,  -0.58009,   1.01288,   0.25363,   2.81864,   0.24421,  -0.10275,  -0.00262
   3.00000,   0.00022,   0.00029,  -0.00009,   2.04890,   0.00697,  -0.07933,   0.08870,   0.42766,  -0.63705,  -0.57674,   1.03205,   0.24783,   2.81790,   0.24855,  -0.09768,  -0.00329
   4.00000,   0.00030,   0.00048,  -0.00012,   2.04921,   0.00582,  -0.07930,   0.08912,   0.42545,  -0.62481,  -0.58182,   1.04927,   0.24454,   2.81680,   0.25071,  -0.09725,  -0.00258
   5.00000,   0.00047,   0.00072,  -0.00010,   2.05132,   0.00455,  -0.07907,   0.08772,   0.41341,  -0.61247,  -0.56852,   1.06967,   0.23831,   2.80691,   0.24392,  -0.08564,  -0.00348
   6.00000,   0.00070,   0.00102,  -0.00010,   2.05477,   0.00359,  -0.07884,   0.08542,   0.40319,  -0.59932,  -0.56482,   1.08988,   0.23819,   2.79642,   0.23467,  -0.07111,  -0.00322
   7.00000,   0.00131,   0.00153,  -0.00003,   2.06807,   0.00309,  -0.07878,   0.07249,   0.39499,  -0.58502,  -0.56303,   1.11188,   0.23899,   2.78639,   0.23027,  -0.05756,  -0.00363
   8.00000,   0.00151,   0.00182,  -0.00004,   2.07052,   0.00219,  -0.07856,   0.07074,   0.38386,  -0.57031,  -0.54983,   1.13400,   0.23423,   2.76811,   0.22110,  -0.04000,  -0.00384
   9.00000,   0.00176,   0.00219,   0.00001,   2.07398,   0.00108,  -0.07867,   0.06816,   0.36936,  -0.55731,  -0.53988,   1.15571,   0.24084,   2.74450,   0.21925,  -0.02648,  -0.00364
  10.00000,   0.00176,   0.00219,   0.00001,   2.07398,   0.00108,  -0.07867,   0.06816,   0.36936,  -0.55731,  -0.53988,   1.15571,   0.24084,   2.74450,   0.21925,  -0.02648,  -0.00364
  11.00000,   0.00194,   0.00258,   0.00001,   2.07580,   0.00020,  -0.07886,   0.06697,   0.35074,  -0.54572,  -0.51578,   1.17838,   0.24358,   2.72022,   0.20680,  -0.00295,  -0.00389
  12.00000,   0.00159,   0.00270,  -0.00004,   2.06266,  -0.00152,  -0.07928,   0.08184,   0.33311,  -0.53397,  -0.49547,   1.19883,   0.25150,   2.69011,   0.19462,   0.02447,  -0.00460
  13.00000,   0.00223,   0.00335,  -0.00009,   2.07977,  -0.00116,  -0.07970,   0.06578,   0.31784,  -0.52063,  -0.46403,   1.21861,   0.24687,   2.66713,   0.18592,   0.04008,  -0.00379
  14.00000,   0.00232,   0.00367,  -0.00011,   2.08125,  -0.00194,  -0.08072,   0.06575,   0.30365,  -0.51064,  -0.42804,   1.23502,   0.24295,   2.64924,   0.17644,   0.05199,  -0.00404
  15.00000,   0.00229,   0.00382,  -0.00011,   2.08120,  -0.00134,  -0.08225,   0.06764,   0.28499,  -0.50291,  -0.38599,   1.25114,   0.23994,   2.62749,   0.16892,   0.06708,  -0.00304
  16.00000,   0.00231,   0.00402,  -0.00010,   2.08266,  -0.00095,  -0.08309,   0.06771,   0.26788,  -0.49320,  -0.35139,   1.26254,   0.24312,   2.61427,   0.15870,   0.07213,  -0.00128
  17.00000,   0.00231,   0.00417,  -0.00016,   2.08500,   0.00016,  -0.08466,   0.06701,   0.25663,  -0.48350,  -0.30635,   1.27046,   0.23047,   2.60841,   0.14840,   0.07499,  -0.00041
  18.00000,   0.00243,   0.00434,  -0.00021,   2.08958,   0.00076,  -0.08642,   0.06377,   0.24886,  -0.47299,  -0.24625,   1.27935,   0.19867,   2.60627,   0.15700,   0.06596,   0.00022
  19.00000,   0.00243,   0.00434,  -0.00021,   2.08958,   0.00076,  -0.08642,   0.06377,   0.24886,  -0.47299,  -0.24625,   1.27935,   0.19867,   2.60627,   0.15700,   0.06596,   0.00022
  20.00000,   0.00249,   0.00448,  -0.00025,   2.09104,   0.00103,  -0.08723,   0.06366,   0.23346,  -0.46236,  -0.21170,   1.28161,   0.19982,   2.62174,   0.15401,   0.05907,   0.00116
  21.00000,   0.00252,   0.00457,  -0.00033,   2.09227,   0.00199,  -0.08851,   0.06439,   0.22200,  -0.45303,  -0.19677,   1.27977,   0.21529,   2.63736,   0.15436,   0.05302,   0.00109
  22.00000,   0.00261,   0.00473,  -0.00040,   2.09422,   0.00266,  -0.08962,   0.06465,   0.20990,  -0.44398,  -0.13580,   1.27742,   0.18754,   2.63920,   0.15054,   0.05344,   0.00113
  23.00000,   0.00269,   0.00485,  -0.00046,   2.09630,   0.00384,  -0.09227,   0.06547,   0.20284,  -0.43589,  -0.11641,   1.26910,   0.19275,   2.64916,   0.14932,   0.05519,   0.00133
  24.00000,   0.00275,   0.00491,  -0.00051,   2.09787,   0.00557,  -0.09432,   0.06663,   0.19570,  -0.43003,  -0.10021,   1.25737,   0.20280,   2.65683,   0.14306,   0.05919,   0.00013
  25.00000,   0.00279,   0.00499,  -0.00052,   2.09905,   0.00620,  -0.09596,   0.06824,   0.19204,  -0.42066,  -0.07898,   1.23950,   0.20028,   2.66915,   0.13560,   0.05994,   0.00001
  26.00000,   0.00280,   0.00508,  -0.00056,   2.09991,   0.00769,  -0.09729,   0.06970,   0.18325,  -0.41440,  -0.07286,   1.22585,   0.21658,   2.67833,   0.14315,   0.05881,   0.00033
  27.00000,   0.00295,   0.00525,  -0.00049,   2.10073,   0.00904,  -0.09929,   0.07009,   0.17736,  -0.40688,  -0.05508,   1.20641,   0.21625,   2.68599,   0.13368,   0.05349,   0.00106
  28.00000,   0.00295,   0.00525,  -0.00049,   2.10073,   0.00904,  -0.09929,   0.07009,   0.17736,  -0.40688,  -0.05508,   1.20641,   0.21625,   2.68599,   0.13368,   0.05349,   0.00106
  29.00000,   0.00317,   0.00545,  -0.00041,   2.10245,   0.00974,  -0.10142,   0.06998,   0.17671,  -0.39897,  -0.04378,   1.18828,   0.21607,   2.69450,   0.13214,   0.05815,   0.00115
  30.00000,   0.00286,   0.00545,  -0.00082,   2.10361,   0.01280,  -0.10248,   0.07428,   0.16902,  -0.39252,  -0.03182,   1.16921,   0.21687,   2.70079,   0.12390,   0.06222,   0.00067
  31.00000,   0.00293,   0.00556,  -0.00089,   2.10481,   0.01477,  -0.10421,   0.07688,   0.16402,  -0.38503,  -0.03296,   1.14861,   0.22596,   2.71427,   0.11774,   0.06328,   0.00068
  32.00000,   0.00299,   0.00571,  -0.00091,   2.10587,   0.01552,  -0.10568,   0.07888,   0.16308,  -0.37734,  -0.03287,   1.12968,   0.23069,   2.72303,   0.11157,   0.06459,  -0.00005
  33.00000,   0.00295,   0.00580,  -0.00097,   2.10793,   0.01601,  -0.10670,   0.08021,   0.15691,  -0.36924,  -0.02112,   1.11244,   0.22702,   2.72973,   0.09804,   0.06490,  -0.00008
  34.00000,   0.00295,   0.00588,  -0.00094,   2.10790,   0.01683,  -0.10833,   0.08340,   0.15630,  -0.36143,  -0.02436,   1.09299,   0.22767,   2.74173,   0.09075,   0.05462,   0.00028
  35.00000,   0.00314,   0.00609,  -0.00089,   2.10788,   0.01669,  -0.11058,   0.08538,   0.16463,  -0.35212,  -0.03020,   1.07386,   0.22498,   2.76811,   0.07273,   0.05633,   0.00032
  36.00000,   0.00345,   0.00632,  -0.00077,   2.11044,   0.01765,  -0.11230,   0.08478,   0.15901,  -0.34729,  -0.03456,   1.05627,   0.23470,   2.77963,   0.05747,   0.05520,  -0.00000
  37.00000,   0.00345,   0.00632,  -0.00077,   2.11044,   0.01765,  -0.11230,   0.08478,   0.15901,  -0.34729,  -0.03456,   1.05627,   0.23470,   2.77963,   0.05747,   0.05520,  -0.00000
  38.00000,   0.00371,   0.00654,  -0.00067,   2.11217,   0.02012,  -0.11424,   0.08476,   0.16602,  -0.34009,  -0.03292,   1.04011,   0.22151,   2.79218,   0.04764,   0.05010,   0.00030
  39.00000,   0.00317,   0.00604,  -0.00108,   2.11341,   0.02461,  -0.11778,   0.09246,   0.16291,  -0.33902,  -0.04847,   1.02431,   0.23021,   2.81083,   0.03503,   0.05307,   0.00009
  40.00000,   0.00333,   0.00617,  -0.00109,   2.11696,   0.02700,  -0.11953,   0.09165,   0.16673,  -0.33352,  -0.06394,   1.00780,   0.23363,   2.82868,   0.02600,   0.04572,   0.00015
  41.00000,   0.00329,   0.00618,  -0.00108,   2.11588,   0.02999,  -0.12055,   0.09529,   0.15995,  -0.32975,  -0.05553,   0.99668,   0.22581,   2.83971,   0.01489,   0.04270,   0.00002
  42.00000,   0.00343,   0.00623,  -0.00109,   2.11769,   0.03256,  -0.12228,   0.09597,   0.16001,  -0.32666,  -0.06866,   0.98461,   0.23205,   2.85951,   0.01026,   0.04108,  -0.00002
  43.00000,   0.00360,   0.00632,  -0.00111,   2.12148,   0.03483,  -0.12361,   0.09484,   0.16197,  -0.32110,  -0.07132,   0.97419,   0.22273,   2.86811,   0.00586,   0.04048,   0.00003
  44.00000,   0.00362,   0.00628,  -0.00120,   2.12281,   0.03725,  -0.12531,   0.09676,   0.16267,  -0.31842,  -0.07558,   0.96397,   0.21897,   2.87122,  -0.00302,   0.04214,  -0.00000
  45.00000,   0.00367,   0.00631,  -0.00131,   2.12582,   0.04002,  -0.12638,   0.09708,   0.16438,  -0.31594,  -0.08759,   0.95090,   0.22008,   2.87851,  -0.01356,   0.04085,   0.00004
  46.00000,   0.00367,   0.00631,  -0.00131,   2.12582,   0.04002,  -0.12638,   0.09708,   0.16438,  -0.31594,  -0.08759,   0.95090,   0.22008,   2.87851,  -0.01356,   0.04085,   0.00004
  47.00000,   0.00378,   0.00640,  -0.00138,   2.12876,   0.04243,  -0.12802,   0.09647,   0.16921,  -0.31304,  -0.10088,   0.93969,   0.21978,   2.88539,  -0.02435,   0.04170,  -0.00001
  48.00000,   0.00385,   0.00647,  -0.00143,   2.13152,   0.04406,  -0.12944,   0.09560,   0.17502,  -0.31114,  -0.11111,   0.92866,   0.21804,   2.90136,  -0.03349,   0.03822,   0.00014
  49.00000,   0.00384,   0.00653,  -0.00150,   2.13134,   0.04606,  -0.13078,   0.09736,   0.18097,  -0.30963,  -0.12752,   0.91406,   0.22218,   2.89661,  -0.05059,   0.04527,  -0.00020
  50.00000,   0.00401,   0.00665,  -0.00152,   2.13558,   0.04759,  -0.13143,   0.09470,   0.18720,  -0.30617,  -0.12650,   0.90599,   0.20883,   2.90622,  -0.05017,   0.04430,  -0.00012
  51.00000,   0.00394,   0.00660,  -0.00162,   2.13343,   0.04922,  -0.13326,   0.09875,   0.19998,  -0.30491,  -0.14637,   0.89432,   0.20805,   2.92548,  -0.05149,   0.03749,  -0.00001
  52.00000,   0.00398,   0.00664,  -0.00170,   2.13262,   0.05041,  -0.13432,   0.10124,   0.20285,  -0.30469,  -0.15866,   0.88391,   0.21198,   2.93660,  -0.05779,   0.02897,   0.00039
  53.00000,   0.00408,   0.00664,  -0.00173,   2.13244,   0.05142,  -0.13607,   0.10328,   0.21304,  -0.30425,  -0.17052,   0.87431,   0.20700,   2.95488,  -0.06350,   0.01564,   0.00060
  54.00000,   0.00444,   0.00685,  -0.00178,   2.14116,   0.05337,  -0.13700,   0.09599,   0.22281,  -0.30306,  -0.18693,   0.86544,   0.20742,   2.96520,  -0.06706,   0.01170,   0.00068
  55.00000,   0.00444,   0.00685,  -0.00178,   2.14116,   0.05337,  -0.13700,   0.09599,   0.22281,  -0.30306,  -0.18693,   0.86544,   0.20742,   2.96520,  -0.06706,   0.01170,   0.00068
  56.00000,   0.00462,   0.00690,  -0.00186,   2.14375,   0.05484,  -0.13800,   0.09539,   0.22768,  -0.30346,  -0.20100,   0.85636,   0.21082,   2.98077,  -0.07572,   0.00822,   0.00107
  57.00000,   0.00468,   0.00695,  -0.00196,   2.14513,   0.05700,  -0.13929,   0.09564,   0.23979,  -0.30390,  -0.21743,   0.84799,   0.20806,   2.98962,  -0.08059,   0.00465,   0.00097
  58.00000,   0.00472,   0.00699,  -0.00205,   2.14499,   0.05934,  -0.13995,   0.09693,   0.24733,  -0.30397,  -0.22613,   0.84087,   0.20205,   2.99840,  -0.08946,   0.00171,   0.00114
  59.00000,   0.00471,   0.00699,  -0.00209,   2.14326,   0.06023,  -0.14066,   0.09992,   0.25251,  -0.30441,  -0.23736,   0.83527,   0.20256,   3.00580,  -0.09713,   0.00228,   0.00131
  60.00000,   0.00472,   0.00697,  -0.00212,   2.14258,   0.06166,  -0.14166,   0.10186,   0.26179,  -0.30537,  -0.25401,   0.82919,   0.20389,   3.01328,  -0.09893,   0.00500,   0.00203
  61.00000,   0.00476,   0.00706,  -0.00220,   2.14368,   0.06235,  -0.14145,   0.10189,   0.26829,  -0.30393,  -0.26360,   0.82481,   0.20006,   3.01595,  -0.10240,   0.00691,   0.00229
  62.00000,   0.00457,   0.00734,  -0.00235,   2.14554,   0.06359,  -0.13914,   0.10114,   0.26439,  -0.30353,  -0.26330,   0.82172,   0.19998,   3.01704,  -0.10880,   0.00745,   0.00244
  63.00000,   0.00468,   0.00742,  -0.00233,   2.14748,   0.06394,  -0.14127,   0.10023,   0.28443,  -0.29724,  -0.25234,   0.82585,   0.16064,   3.00131,  -0.10880,   0.00027,   0.00189
  64.00000,   0.00468,   0.00742,  -0.00233,   2.14748,   0.06394,  -0.14127,   0.10023,   0.28443,  -0.29724,  -0.25234,   0.82585,   0.16064,   3.00131,  -0.10880,   0.00027,   0.00189
  65.00000,   0.00451,   0.00735,  -0.00233,   2.14340,   0.06430,  -0.14191,   0.10553,   0.29587,  -0.29710,  -0.25977,   0.82192,   0.15333,   3.00051,  -0.11202,  -0.00004,   0.00225
  66.00000,   0.00454,   0.00738,  -0.00233,   2.14397,   0.06504,  -0.14226,   0.10574,   0.29901,  -0.29813,  -0.25805,   0.82039,   0.14892,   2.99657,  -0.11438,   0.00209,   0.00304
  67.00000,   0.00447,   0.00738,  -0.00246,   2.14427,   0.06677,  -0.14194,   0.10646,   0.30119,  -0.30054,  -0.26598,   0.81764,   0.15337,   3.00084,  -0.11548,   0.00315,   0.00387
  68.00000,   0.00470,   0.00715,  -0.00233,   2.14510,   0.06724,  -0.14449,   0.10658,   0.31506,  -0.30247,  -0.28107,   0.81544,   0.15115,   3.01117,  -0.11434,  -0.00625,   0.00374
  69.00000,   0.00462,   0.00709,  -0.00243,   2.14300,   0.06756,  -0.14453,   0.10929,   0.32169,  -0.30356,  -0.28456,   0.81366,   0.14975,   3.01494,  -0.11434,  -0.00067,   0.00389
  70.00000,   0.00468,   0.00701,  -0.00217,   2.14186,   0.06758,  -0.14550,   0.11048,   0.32845,  -0.30492,  -0.29124,   0.81223,   0.14933,   3.01635,  -0.11641,  -0.00831,   0.00376
  71.00000,   0.00450,   0.00695,  -0.00247,   2.14183,   0.06892,  -0.14497,   0.11147,   0.32864,  -0.30664,  -0.28738,   0.81021,   0.14919,   3.01316,  -0.12148,   0.00114,   0.00492
  72.00000,   0.00445,   0.00685,  -0.00246,   2.14029,   0.06898,  -0.14541,   0.11313,   0.33159,  -0.30899,  -0.29336,   0.80822,   0.15371,   3.01122,  -0.11944,  -0.00428,   0.00474
  73.00000,   0.00445,   0.00685,  -0.00246,   2.14029,   0.06898,  -0.14541,   0.11313,   0.33159,  -0.30899,  -0.29336,   0.80822,   0.15371,   3.01122,  -0.11944,  -0.00428,   0.00474
  74.00000,   0.00460,   0.00694,  -0.00249,   2.14609,   0.07023,  -0.14537,   0.10729,   0.33539,  -0.31095,  -0.29116,   0.80803,   0.15232,   3.00947,  -0.11606,  -0.00390,   0.00463
  75.00000,   0.00451,   0.00687,  -0.00251,   2.14538,   0.07039,  -0.14579,   0.10820,   0.33688,  -0.31313,  -0.29131,   0.80634,   0.15692,   3.01014,  -0.11990,   0.00421,   0.00540
  76.00000,   0.00444,   0.00678,  -0.00254,   2.14566,   0.07139,  -0.14565,   0.10814,   0.33674,  -0.31526,  -0.28392,   0.80673,   0.15404,   3.01280,  -0.11553,   0.00207,   0.00504
  77.00000,   0.00434,   0.00671,  -0.00257,   2.14520,   0.07212,  -0.14578,   0.10869,   0.34218,  -0.31684,  -0.28920,   0.80440,   0.15636,   3.01229,  -0.11674,   0.00255,   0.00494
  78.00000,   0.00431,   0.00667,  -0.00259,   2.14562,   0.07180,  -0.14622,   0.10812,   0.34482,  -0.31791,  -0.28802,   0.80462,   0.15503,   3.02050,  -0.11014,  -0.00337,   0.00574
  79.00000,   0.00425,   0.00658,  -0.00259,   2.14488,   0.07227,  -0.14625,   0.10864,   0.34580,  -0.31921,  -0.28619,   0.80129,   0.15697,   3.01293,  -0.11752,   0.00074,   0.00486
  80.00000,   0.00419,   0.00648,  -0.00260,   2.14455,   0.07216,  -0.14698,   0.10858,   0.34937,  -0.31991,  -0.28697,   0.80089,   0.15472,   3.02150,  -0.10770,  -0.00524,   0.00497
  81.00000,   0.00411,   0.00638,  -0.00262,   2.14444,   0.07296,  -0.14710,   0.10815,   0.35128,  -0.32095,  -0.28886,   0.79841,   0.15537,   3.02247,  -0.10735,  -0.00601,   0.00491
  82.00000,   0.00411,   0.00638,  -0.00262,   2.14444,   0.07296,  -0.14710,   0.10815,   0.35128,  -0.32095,  -0.28886,   0.79841,   0.15537,   3.02247,  -0.10735,  -0.00601,   0.00491
  83.00000,   0.00406,   0.00627,  -0.00263,   2.14327,   0.07490,  -0.14643,   0.10809,   0.34955,  -0.32262,  -0.28756,   0.79620,   0.15642,   3.02576,  -0.10375,  -0.00907,   0.00449
  84.00000,   0.00399,   0.00613,  -0.00261,   2.14177,   0.07280,  -0.14791,   0.10957,   0.35817,  -0.32170,  -0.29727,   0.79306,   0.15733,   3.01912,  -0.10883,  -0.00669,   0.00462
  85.00000,   0.00393,   0.00606,  -0.00266,   2.14185,   0.07327,  -0.14785,   0.10858,   0.35699,  -0.32184,  -0.29999,   0.79119,   0.16046,   3.02113,  -0.10659,  -0.00803,   0.00423
  86.00000,   0.00386,   0.00597,  -0.00268,   2.14149,   0.07334,  -0.14832,   0.10836,   0.35958,  -0.32223,  -0.30418,   0.78881,   0.16164,   3.01958,  -0.10795,  -0.00667,   0.00435
  87.00000,   0.00374,   0.00583,  -0.00266,   2.13882,   0.07304,  -0.14856,   0.11013,   0.36050,  -0.32169,  -0.30267,   0.78699,   0.15844,   3.01740,  -0.11157,  -0.00737,   0.00445
  88.00000,   0.00371,   0.00578,  -0.00265,   2.13959,   0.07342,  -0.14854,   0.10859,   0.36277,  -0.32112,  -0.30436,   0.78371,   0.15461,   3.01839,  -0.11907,  -0.01323,   0.00465
  89.00000,   0.00368,   0.00565,  -0.00263,   2.13870,   0.07373,  -0.14880,   0.10870,   0.36430,  -0.32092,  -0.31193,   0.78009,   0.15653,   3.02062,  -0.12557,  -0.01386,   0.00490
  90.00000,   0.00358,   0.00561,  -0.00263,   2.13877,   0.07680,  -0.14757,   0.10736,   0.36108,  -0.32150,  -0.30939,   0.77833,   0.15365,   3.01979,  -0.12769,  -0.01065,   0.00491
  91.00000,   0.00358,   0.00561,  -0.00263,   2.13877,   0.07680,  -0.14757,   0.10736,   0.36108,  -0.32150,  -0.30939,   0.77833,   0.15365,   3.01979,  -0.12769,  -0.01065,   0.00491
  92.00000,   0.00359,   0.00550,  -0.00260,   2.13881,   0.07566,  -0.14770,   0.10678,   0.36516,  -0.32027,  -0.31706,   0.77673,   0.15419,   3.02205,  -0.13092,  -0.00889,   0.00511
  93.00000,   0.00356,   0.00546,  -0.00259,   2.14043,   0.07536,  -0.14721,   0.10408,   0.37145,  -0.31991,  -0.33194,   0.77331,   0.15907,   3.02546,  -0.13333,  -0.00861,   0.00540
  94.00000,   0.00345,   0.00538,  -0.00257,   2.14049,   0.07560,  -0.14657,   0.10287,   0.37149,  -0.31750,  -0.32287,   0.77466,   0.14768,   3.01698,  -0.13376,  -0.01069,   0.00495
  95.00000,   0.00308,   0.00518,  -0.00259,   2.13401,   0.07677,  -0.14456,   0.10749,   0.36283,  -0.31784,  -0.31588,   0.77491,   0.14847,   3.01461,  -0.13506,  -0.00988,   0.00477
  96.00000,   0.00289,   0.00510,  -0.00260,   2.13323,   0.07536,  -0.14558,   0.10708,   0.36961,  -0.31710,  -0.32759,   0.77439,   0.15189,   3.01411,  -0.13748,  -0.00891,   0.00479
  97.00000,   0.00269,   0.00496,  -0.00256,   2.13247,   0.07541,  -0.14516,   0.10616,   0.37027,  -0.31708,  -0.32888,   0.77478,   0.15345,   3.01266,  -0.14039,  -0.00718,   0.00491
  98.00000,   0.00253,   0.00488,  -0.00252,   2.13243,   0.07458,  -0.14487,   0.10484,   0.36858,  -0.31547,  -0.32389,   0.77839,   0.15081,   3.01075,  -0.13940,  -0.00686,   0.00535
  99.00000,   0.00212,   0.00504,  -0.00264,   2.13153,   0.07393,  -0.14260,   0.10441,   0.35635,  -0.32085,  -0.36073,   0.77254,   0.20119,   3.03972,  -0.14082,   0.00373,   0.00672
